查拳,拳法,与潭腿、花拳、洪拳，并称北拳四大家的拳法，在北方流传甚广，练武者都略知一二。,,,飞狐外传
燕青拳,拳法,梁山泊上好汉燕青传下的拳法，讲究纵跃起伏、盘拗挑打，马行空曾用来与阎基交手。,马行空,,飞狐外传
四门刀法,刀法,阎基和商老太交手时用的刀法。,阎基,,飞狐外传
毒砂掌,掌法,药王庄门下人人皆会。出现于《飞狐外传》中。中此掌者伤处隐隐似有一层黑气。需放血并于伤口擦上黄色解药方能解其毒。,,药王庄,飞狐外传
四象步,轻功,胡斐家传武艺之一，但仅是习练拳脚器械的入门基础。,胡斐,,飞狐外传
鹰爪功,爪法,鹰爪雁行门两大绝技之一。,,鹰爪雁行门,飞狐外传
雁行轻功,轻功,鹰爪雁行门绝技之一。,,鹰爪雁行门,飞狐外传
雁行刀,刀法,鹰爪雁行门两大绝技之一。,,鹰爪雁行门,飞狐外传
八极拳,拳法,清雍乾年间，武林中名头甚响的拳术，声势仅稍逊太极、八卦诸门，秦耐之曾和胡斐交流商研，拳法有翻手、揉腕、寸恳、抖展八极，搂、打、腾、封、踢、蹬、扫、卦八式，变化为‘闪、长、跃、躲、拗、切、闭、拨’八法，四十九路八极拳，讲究的是小巧腾挪之道。,秦耐之,,飞狐外传
六十四路轰天雷震挡法,奇门,雷电门的绝招，若与闪电椎的功夫双手齐使，合称雷电交作，威力甚大。,,雷电门,飞狐外传
八卦游身刀法,刀法,八卦门刀法，施展时满室游走，刀中夹掌，掌中夹刀，越打越快。,,八卦门,飞狐外传
游身八卦掌,掌法,八卦门掌法，一施出时再不停留，脚下每一步都按著先天八卦的图式，转折如意，四梢归一，绕着对方身子急速奔跑，一掌一掌越打越快。商宝震曾用来跟王剑杰过招。,商宝震,八卦门,飞狐外传
内八卦掌法,掌法,八卦门最精深的掌法，非将外八卦练至登峰造极，决不能动，但只要一练成，出招虽然极短，但以静制动，威力甚强。招式施展时脚下也按著先天八卦的图式，但双掌或挥或按，便如是独自练拳一般。,,八卦门,飞狐外传
八阵八卦掌法,掌法,威震河朔王维扬的最强家传绝技，仅传给王剑英跟王剑杰两个儿子，掌法施展时脚步错乱，手掌歪斜，在平地上施展威力最强，外姓的弟子如商剑鸣等也均不传。是在八卦掌中夹了八阵图之法：天阵居乾为天门，地阵居坤为地门，风阵居巽为风门，云阵居震为云门，飞龙居坎为飞龙门，武翼居兑为武翼门，鸟翔居离为鸟翔门，蜿盘居艮为蜿盘门；天地风云为四正门，龙虎鸟蜿为四奇门；乾坤艮巽为阖门，坎离震兑为开门。这四正四奇，四开四阖，用到武学之上变化奇幻，隐有布阵而战之意。,王维扬、王剑英、王剑杰,,飞狐外传
天龙剑法,剑法,天龙门的剑法，田归农曾在掌门人大会施展力斗其他武师。,田归农,天龙门,飞狐外传
六合拳,拳法,韦陀门开山祖师无相大师所精研的武功。,,韦陀门,飞狐外传
韦陀杵,仗法,韦陀门开山祖师无相大师所精研的武功。,,韦陀门,飞狐外传
六和刀法,刀法,少林旁支韦陀门的武功，全守六合之法。所谓六合，“精气神”为内三合，“手眼身”为外三合，其用为“眼与心合，心与气合，气与身合，身与手合，手与脚合，脚与胯合。”全身内外，浑然一体。,,韦陀门,飞狐外传
六和枪法,枪法,少林旁支韦陀门的武功，共有二十四式，最精妙的一招乃是“四夷宾服”。称为二十四式之首，其中妙变无穷，乃是中平枪法，很厉害的。,,韦陀门,飞狐外传
赤尻连拳,拳法,少林旁支韦陀门的武功，以六合拳为根基以猴拳为形，乃是一套近身缠斗的小擒拿手法，每一招不是拿抓勾锁，便是点穴打穴。,,韦陀门,飞狐外传
八仙剑法,剑法,八仙剑一门的镇派绝技。,,八仙剑门,飞狐外传
先天拳,拳法,由唐朝流传至清朝的拳法，但历代拳师传技时各自留招，已经式微许久。,,,飞狐外传
鸭形拳,拳法,鸭形门的拳法，招式姿势虽不中看，但马步低、下盘稳，水面上的功夫特别了得。,,鸭形门,飞狐外传
五郎棍法,棍法,五台派弟子，五郎镖局李廷豹的成名武功。招式圈、点、劈、轧、挑、撞、撒、杀，招熟力猛，使将出来极有威势。,李廷豹,五台派,飞狐外传
二郎担山掌,掌法,二郎拳一派的绝技。,,二郎拳派,飞狐外传
盖马三拳,拳法,二郎拳一派的绝技。,,二郎拳派,飞狐外传
金刚拳,拳法,山西大同府兴隆镖局总镖头周隆的绝技。,周隆,,飞狐外传
胡家快刀,刀法,胡一刀家传的刀法之一。胡家刀法－八方藏刀式、穿手藏刀式、进步连环刀、缠身摘心刀、闭门铁扇刀。,胡一刀,,飞狐外传
西岳华拳,拳法,西岳华拳门(乃昔年名门大派：华山派旁支)的著名外门武功，“华拳四十八，艺成行天涯”，华拳门共有四十八路拳脚器械，又分成艺、成、行、天、涯五个支派。共分为一十八路登堂拳，一十二路入室拳，还有一十八路刀枪剑棍的器械功夫。,,西岳华拳门,飞狐外传
一路华拳,拳法,西岳华拳门的基本功夫。,,西岳华拳门,飞狐外传
铁莲功,腿法,凤阳府五湖门最擅长的武功，鞋尖上包以尖铁，只要踢中要害，立可取人性命，施展开时鸳鸯腿、拐子腿、圈弹腿、钩扫腿、穿心腿、撞心腿、单飞腿、双飞腿，层出不穷，越来越快。,,凤阳府五湖门,飞狐外传
追命毒龙锥,暗器,天龙门世代相传的暗器绝招，发出时既准又快，兼含剧毒，中者定在三个时辰毙命。,,天龙门,雪山飞狐
铁门闩刀法,刀法,平通镳局郑三娘的刀法，专门用于守御，三十六招内敌人难以进袭。,郑三娘,平通镳局,雪山飞狐
大擒拿手,擒拿,天龙门阮士中和胡斐两名僮儿交手时用的武功。,阮士中,天龙门,雪山飞狐
飞天神行,轻功,胡斐家传轻功绝技。,胡斐,,雪山飞狐
春蚕掌法,掌法,胡斐家传掌法，用于遭人围攻而大处劣势之时，不求有功，但求无过，招招全是守势，出手奇短，抬手踢足，全不出半尺之外，但招数绵密无比，周身始终不露半点破绽。,胡斐,,雪山飞狐
胡家刀法,刀法,胡斐家传刀法，缠、滑、绞、擦、抽、截六字诀变幻莫测，连刀柄、护手都能用于攻防。,胡斐,,雪山飞狐
苗家剑法,剑法,苗人凤家传剑法，到苗人凤手里后，威力发挥得淋漓尽致，独步天下。,苗人凤,,雪山飞狐
五虎刀,刀法,兴汉丐帮范帮主家传武功，一共九九八十一路。,范帮主,兴汉丐帮,雪山飞狐
龙爪擒拿手,擒拿,兴汉丐帮范帮主家传武功，共有二十三路，沾上身时直如钻筋入骨，敲钉转脚。不论敌人武功如何高强，只要身体的任何部位给他手指一搭上，立时就给拿住，万万脱身不得。,范帮主,兴汉丐帮,雪山飞狐
六合拳,拳法,太行山大盗吕通善用的拳法。,吕通,,连城诀
赤尻连拳,拳法,吕通和狄云交手时用的拳法，也是六合拳的一路，但杂入猴拳，变化更多端。,吕通,,连城诀
连城剑法,剑法,湘中武林名宿梅念笙赖以成名的剑法，招式全依唐诗取名，但未完全传给万震山、言达平跟戚长发三名弟子，后来万震山又将剑法改叫唐诗剑法传给弟子，戚长发传给狄云跟戚芳的剑法则改叫躺尸剑法，两种剑法的威力都比原来的连城剑法削弱许多。,梅念笙、万震山、戚长发,,连城诀
神照经,内功,湘中武林名宿梅念笙赖以成名的内功，他看出三名弟子心怀不轨后并未传授，遭三名弟子暗算围攻后，临死前把秘笈送给丁典，丁典又交给狄云。,丁典、狄云,,连城诀
无影神拳,拳法,丁典练成神照经后用来打死偷袭者的拳功。,丁典,,连城诀
血刀刀法,刀法,血刀门的镇派绝学，分为内功跟刀法两部分，全都记录在血刀经上，狄云在宝象死后从他尸身获得秘笈，在神照经大成后，于受困雪山时逐步练就。血刀刀法怪异至极，每招都是在决不可能的方位劈砍。,狄云、宝象,血刀门,连城诀
孔雀开屏,剑法,水岱传授给汪啸风的剑法，这套“孔雀开屏”翻来覆去共有九式，专取守势，包含“东展锦羽”、“西剔翠翎”、“南迎艳阳”、“北回晨风”等招式。,汪啸风,,连城诀
中平枪,枪法,花铁干赖以成名的枪法。,花铁干,,连城诀
岳家散手,拳法,相传为岳飞自创的拳招，花铁干曾用来攻击狄云。,花铁干,,连城诀
降龙十八掌,掌法,丐帮两大镇帮绝技之一，招式脱胎至易经，并对应天上二十八星宿，是萧峰继承帮主后从师父汪剑通处习得，因为后十招过于繁琐，经虚竹和萧峰删除重整后删为十八掌，并在萧峰死后由虚竹代传给下任帮主。,萧峰、虚竹、汪剑通,丐帮,天龙八部
六脉神剑,指法,大理段氏最高深的不传绝技，数代以来只有段誉有足够的内力施展，虽以剑为名，实际上是以一阳指为基础，化指力为无形剑气的绝学。和少林寺内功心法易筋经齐名。,段誉,大理段氏,天龙八部
凌波微步,轻功,逍遥派的轻功步法，是以动功修习内功，脚步踏遍六十四卦一个周天，内息自然而然的也转了下个周天，因此每走一遍，内力便有一分进益。李秋水收于无量山中，让段誉在偶然间取得练就。,段誉,逍遥派,天龙八部
北冥神功,内功,逍遥派的上乘内功之一，可吸收他人内力为己用，吸收的内力转化为刚柔并重、阴阳互济的北冥真气，有残缺分支：星宿派的“化功大法”与《笑傲江湖》中日月神教的“吸星大法”。完整版北冥神功秘籍共有三十六幅图，为李秋水收于无量山琅嬛福地中，让段誉在偶然间取得练就，另外虚竹于擂鼓山接受无崖子七十年北冥神功传承。其中因为段誉只练习了第一幅图，所以只能吸收异种真气而无法转化为北冥真气，最终流传为“吸星大法”；而虚竹只有北冥真气，所以无法吸收他人内力。,段誉、虚竹,逍遥派,天龙八部
小无相功,内功,逍遥派的上乘内功之一，本来逍遥子仅传给李秋水一人，但无崖子也获得李秋水私授，至于鸠摩智如何习得金庸只字未提，第三版丁春秋亦从李秋水处习得。小无相功精微渊深，且同为玄门正宗内功故可配合少林武学施展，最大特色为可强催内力、短时间内大幅提升爆发力以求速战速决，但时间一长便后继无力，原理如寅吃卯粮。与强调生生不绝、发力缓慢但愈战愈强的易筋经完全相反。,李秋水、无崖子、鸠摩智、丁春秋,逍遥派,天龙八部
生死符,暗器,逍遥派武学之一，名字来于“求生不得，求死不能”的简称，乃是以阴寒内力凝水成冰，更要炼制得薄如纸片，附上阴阳各异的内劲再打中不同穴位后，一旦打中人身后发作起来，奇痒剧痛会以八十一日为循环，逐步增强再逐步减退周而复始，唯有天山六阳掌可以解除，天山童姥曾凭此挟制三十六洞洞主、七十二岛岛主。生死符实是武林中第一等的暗器，是利用酒、水等液体，逆运真气，将刚阳之气转为阴柔，使掌心中发出来的真气冷于寒冰数倍，手中液体自然凝结成冰。发射生死符更有学问，在这片薄冰之上，如何附着阳刚内力，又如何附着阴柔内力，如何附以三分阳、七分阴，或者是六分阴、四分阳，虽只阴阳二气，但先后之序既异，多寡之数又复不同，随心所欲，变化万千。唯有天山童姥的镇痛止痒之药，方能保证生死符一年之内可不发作。,天山童姥、虚竹,逍遥派,天龙八部
天山六阳掌,掌法,逍遥派的高明掌法，也是生死符的破解法门，天山童姥将其传授给虚竹。天山六阳掌是逍遥派少有的刚猛掌法之一，天山童姥和无崖子都精通此掌法，李秋水对此掌法也很了解。天山六阳掌共有九式，书中记载第二式——阳春白雪；第七式——阳关三叠；另有一式——阳歌天钧，但不确定为第几式，其余则没作介绍。六阳掌是一门阴阳二气相结合的掌法，如体内无阴阳二气，则体会不到此掌法的妙处。天山童姥被虚竹救往西夏皇宫冰库藏匿期间，为对付李秋水便打算把天山六阳掌教给虚竹，不料虚竹不肯助其杀人。因此，天山童姥用谋在虚竹身上种落生死符，再假称教他破解之道，把天山六阳掌的功夫倾囊相授。因此在李秋水追入冰库要杀天山童姥时，虚竹无意间使出“阳春白雪”、“阳关三叠”以及“阳歌天钧”三招接下李秋水攻击。在天山童姥死后，虚竹继承灵鹫宫，因可怜三十六洞、七十二岛众人身受生死符苦楚，遂使用天山六阳掌帮他们拔除生死符，赢得众人真心相随，后来也凭借天山六阳掌力斗丁春秋，以生死符逼他就范受擒。,天山童姥、虚竹,逍遥派,天龙八部
天山折梅手,擒拿,逍遥派上乘武学，共是三路掌法，三路擒拿法，可变化成各种兵器招式，修练的内功口诀只有十二句八十四个字，但非常拗口，接连七个平声字后，跟着七个仄声字，口诀字句与声韵呼吸之理全然相反，是一种调匀真气的法门，但若身怀小无相功便可事半功倍，天山童姥将之传授虚竹以对抗李秋水。,虚竹,逍遥派,天龙八部
天长地久不老长春功,内功,第一版原称“天上地下唯我独尊功”，第二版原称“八荒六合唯我独尊功”，漫画版是“纯阳至尊功”的逆练版本，是天山童姥所习的内功，主要修炼手少阳三焦经，威力极为霸道强劲，习练者每三十年返老还童一次，每次返老还童时，内功必须重新再练，练功时盘膝坐下，右手食指指天，左手食指指地，鼻孔中喷出两条淡淡白气，直至白气渐浓、遮没面目。练功前要饮用生血搭配，在第三版中丁春秋练有此功的残缺版“不老长春功”。,天山童姥、丁春秋,逍遥派,天龙八部
白虹掌力,掌法,逍遥派武学，是李秋水的武功，发出掌力曲直如意，可变化方向，相当厉害。,李秋水,逍遥派,天龙八部
传音搜魂大法,奇门,逍遥派武学，李秋水曾用来搜索天山童姥跟虚竹的行踪。,李秋水,逍遥派,天龙八部
斗转星移,奇门,姑苏慕容一家世传绝技，由慕容家前代高手慕容龙城所创，乃是一门借力打力之技，令对手自作自受，死于自身武学，创下慕容氏“以彼之道，还施彼身”的名声。,慕容龙城、慕容博、慕容复,姑苏慕容,天龙八部
慕容氏家传剑法,剑法,招招连绵不绝，犹似行云流水一般，瞬息之间，使敌人全身便如罩在一道光幕之中。,慕容复,姑苏慕容,天龙八部
柳絮剑法,剑法,慕容复在曼陀山庄要刺杀段誉所使用的剑法，招式缓缓刺出，因为剑招拖缓，隐去了兵刃上的刺风之声。,慕容复,姑苏慕容,天龙八部
参合指,指法,姑苏慕容氏的绝技之一，慕容博曾用来点倒段正淳和巴天石。,慕容博,姑苏慕容,天龙八部
袖中指,指法,慕容博用来点倒金算盘崔百泉和他的师侄过彦之的武功。,慕容博,姑苏慕容,天龙八部
降魔刀法,刀法,少林寺武学，是慕容复化名西夏武士李延宗时，和段誉在谷仓交手时所用的武功之一。,慕容复,少林寺,天龙八部
柴刀十八路,刀法,广西黎山洞黎老汉所创的刀法，是慕容复化名西夏武士李延宗时，和段誉在谷仓交手时所用的武功之一。,慕容复,广西黎山洞,天龙八部
回风拂柳刀,刀法,江南史家武学，是慕容复化名西夏武士李延宗时，和段誉在谷仓交手时所用的武功之一。,慕容复,江南史家,天龙八部
慈悲刀,刀法,宁波天童寺心观老和尚所创，只制敌而不杀人，是慕容复化名西夏武士李延宗时，和段誉在谷仓交手时所用的武功之一。,慕容复,宁波天童寺,天龙八部
后山三绝招,刀法,金刀杨老令公上阵擒敌的招数，本是长柄大砍刀的招数，慕容复化名西夏武士李延宗时，和段誉在谷仓交手时，改用单刀使出。,慕容复,,天龙八部
弹腿,腿法,西夏回人的武学，是慕容复化名西夏武士李延宗时，和段誉在谷仓交手时所用的武功之一。,慕容复,,天龙八部
羽衣刀,刀法,太乙派武学，是慕容复化名西夏武士李延宗时，和段誉在谷仓交手时所用的武功之一。,慕容复,太乙派,天龙八部
郝家刀法,刀法,山西郝家武学，是慕容复化名西夏武士李延宗时，和段誉在谷仓交手时所用的武功之一。,慕容复,山西郝家,天龙八部
八卦刀法,刀法,慕容复和段誉在少林寺大战时，慕容复所使出的刀法。,慕容复,,天龙八部
六合刀,刀法,慕容复和段誉在少林寺大战时，慕容复所使出的刀法。,慕容复,,天龙八部
渔叟钩法,奇门,北海拓跋氏由深海钩鱼的钩法中变化出的一路招式，慕容复和段誉在少林寺大战时，慕容复意图和段誉同归于尽的武功。,慕容复,北海拓跋氏,天龙八部
火焰刀,奇门,鸠摩智绝学，凝内力于掌缘，挥手斩出以劲伤人。与六脉神剑有异曲同功之妙，但威力逊色许多。,鸠摩智,,天龙八部
控鹤功,奇门,鸠摩智的绝技之一，具备隔空移物之能，和擒龙功有异曲同工之妙。,鸠摩智,,天龙八部
枯荣禅功,内功,大理段氏天龙寺的武学，又简称枯禅，枯荣长老在双树院苦修数十年，脸庞半边滑嫩半边枯瘦，典出释迦牟尼在拘尸那城娑罗双树间入灭，东西南北，各有双树一荣一枯的典故。,枯荣长老,大理天龙寺,天龙八部
金刚指,指法,少林旁支福建蒲田达摩下院的正宗绝技，是黄眉僧最擅长的武功。,黄眉僧,少林派,天龙八部
锁喉擒拿手,擒拿,又名锁喉功，是丐帮副帮主马大元的家传绝技，除了马家子弟之外，无人会使。,马大元,丐帮,天龙八部
缠丝擒拿手,擒拿,丐帮长老白世镜的功夫，为延请薛慕华诊治阿朱，传授七招给他。,白世镜,丐帮,天龙八部
化功大法,内功,星宿老怪丁春秋横行武林的绝技，脱胎于北冥神功，需借由神木王鼎吸纳毒质才能练就，在第一、二版中可以消融敌手内劲，但没法引为己用，在第三版中被削弱成只是靠毒物暂时封住敌人手腕经脉而没法使用内功。,丁春秋,星宿派,天龙八部
碧磷针,暗器,星宿派的暗器、毒物之一。,,星宿派,天龙八部
无形粉,暗器,星宿派的暗器、毒物之一。,,星宿派,天龙八部
三笑逍遥散,暗器,星宿派的暗器、毒物之一。因使人中毒、面部抽蓄三次怪笑之后即毙命。苏星河、玄难，乃命丧与此毒。,丁春秋,星宿派,天龙八部
腐尸毒,奇门,极阴毒之武功，以极毒的毒爪杀死身旁的人（即便是弟子），再把中毒的尸体丢向对方尸体落下时的毒沙含有剧毒，若非轻功绝佳之人，此招难以躲避。,,星宿派,天龙八部
极乐刺,暗器,星宿派的暗器、毒物之一。,,星宿派,天龙八部
穿心钉,暗器,星宿派的暗器、毒物之一。,,星宿派,天龙八部
铄心弹,暗器,星宿派首徒摘星子用以惩戒师弟的含毒火焰弹。,摘星子,星宿派,天龙八部
三阴蜈蚣爪,爪法,星宿老怪丁春秋所创之毒功，曾传给徒弟出尘子。,丁春秋、出尘子,星宿派,天龙八部
抽髓掌,掌法,星宿老怪丁春秋所创之毒功，曾传给徒弟出尘子。,丁春秋、出尘子,星宿派,天龙八部
百胜软鞭,鞭法,伏牛派鞭法，最强的一招天灵千裂是仅有掌门练就不传之招，是第二十七招的第四变招，是王语嫣认为虽然招法古怪，却算不得是上乘武学，只不过力道十分刚猛。,,伏牛派,天龙八部
五虎断门刀,刀法,云州秦家寨的镇寨绝学，乃是前代寨主秦公望所创，一共六十四招，但流传下来仅有五十九招，欠缺最精要得白虎跳涧、一啸风生、剪扑自如、雄霸群山跟伏象胜狮五招。,,云州秦家寨,天龙八部
青字九打,暗器,四川青城派的镇山绝技之一，以独门兵刃雷公轰搭配不同暗器使出，钢锥中空，内部装有强力的机簧，而锥尖弯曲，更使人决计想不到可由此中发射暗器，带锥中空管却是笔直的，击锤发出暗器时去势之快，劲道之强，武林中罕有其匹。青字第四打的功夫，名叫做青蜂钉，诸保昆曾用蓬莱派的天王补心针冒充使出。此外，王语嫣认为铁莲子和铁菩提用法不同，青字九打应改称十打较恰当。,诸保昆,四川青城派,天龙八部
城字十八破,奇门,四川青城派的镇山绝技之一，以独门兵刃雷公轰施展，王语嫣认为破甲、破盾、破牌三式可以合并为一。,,四川青城派,天龙八部
雷公着地轰,奇门,青城派以独门兵器雷公轰以地堂功夫施展的招式，出招时在地下滚动跳跃，使敌人无所措手。,,四川青城派,天龙八部
地母雷网,阵法,四川青城派内两人以雷公着地轰一招组成的合击阵式。,,四川青城派,天龙八部
天王补心针,暗器,山东蓬莱派的暗器绝技。,诸保昆,山东蓬莱派,天龙八部
铁拐阵,阵法,山东蓬莱派的合击阵式。,,山东蓬莱派,天龙八部
擒龙功,奇门,丐帮百年无人练成的神功，具有隔空移物之能，与“降龙廿八掌”经萧峰删改糅合后成为威力更强大的“降龙十八掌”。在杏子林中，萧峰曾用来对付风波恶，使风波恶大为震惊。,萧峰,丐帮,天龙八部
罗汉大阵,阵法,少林寺阵法，由五百名僧众携手结阵，共持不同兵刃，或刀或剑，或杖或铲，人人奔跑如飞，东一簇、西一队将敌人围在中心，看似杂乱无章，其实暗含极厉害的阵法。,,少林寺,天龙八部
罗汉拳,拳法,少林寺入门武功之一，是拜师后所学的第一门武功。这个武功也是少数非虚构的武学，在现实生活里面确实有这套武功。,,少林寺,天龙八部
韦陀掌,掌法,少林寺入门武功之一，是拜师后所学的第二门武功。,,少林寺,天龙八部
太祖长拳,拳法,相传由宋太祖赵匡胤所创，简单实用的近身肉搏拳法，于北宋军中极为流行。玄难和萧峰曾在聚贤庄之战都用这门武功交手。,玄难、萧峰,,天龙八部
太祖棍,棍法,相传由宋太祖赵匡胤所创，易学实用的棍法，于北宋军中极为流行。现实中确实有这套武功。,,,天龙八部
达摩掌,掌法,少林武技之一。,,少林寺,天龙八部
伏虎掌,掌法,少林武技之一。,,少林寺,天龙八部
如来千手法,掌法,少林武技之一。,,少林寺,天龙八部
龙爪功,爪法,玄惭擒抓梅兰竹菊四剑所使的功夫。,玄惭,少林寺,天龙八部
虎爪手,爪法,玄愧擒抓梅兰竹菊四剑所使的功夫，少林高僧要捉拿萧峰时也曾用过。后来由武当二侠俞连舟发扬光大，更改良为阴险狠毒的虎爪绝户手。,玄愧,少林寺,天龙八部
鹰爪功,爪法,玄念擒抓梅兰竹菊四剑所使的功夫。少林高僧要捉拿萧峰时也曾用过。,玄念,少林寺,天龙八部
少林擒拿十八打,擒拿,玄净擒抓梅兰竹菊四剑所使的功夫。,玄净,少林寺,天龙八部
金刚指,指法,少林高僧在少林寺要捉拿萧峰时曾用过的武功。,,少林寺,天龙八部
握石掌,掌法,少林高僧在少林寺要捉拿萧峰时曾用过的武功。,,少林寺,天龙八部
大金刚掌,掌法,少林七十二绝技之一，派中往往要隔上百年，才有一个奇才能练成，仅有天龙八部书中只有玄慈练就，曾打伤过阿朱。,玄慈,少林寺,天龙八部
大韦陀杵,仗法,少林七十二绝技的第四十八门，中者后对方肋骨根断折。少林高僧玄悲即擅长此招，虽一共只十九招杵法，但招招极为威猛，也可以拳力施展，慕容博曾以拳击树，炫耀此技。在第二版中原名为“韦陀杵”。,玄悲、慕容博,少林寺,天龙八部
托钵掌,掌法,少林武学之一，在第三版中鸠摩智跟虚竹交手时施展的武功。,鸠摩智,少林寺,天龙八部
一拍两散,掌法,少林七十二绝技之一，玄寂和萧峰交手时曾经使出过，掌力极为雄浑，临敌时用不着使第二招，敌人便已毙命，而这一掌以如此排山倒海般的内力为根基，要想变招换式，亦非人力之所能。所谓“两散”，意指拍在石上，石屑四散、拍在人身，魂飞魄散，这路掌法也仅有一招。,玄寂,少林寺,天龙八部
排云双掌,掌法,在二版中为萧峰的得意功夫。,萧峰,丐帮,天龙八部
袖里乾坤,奇门,少林七十二绝技之一，拳劲隐藏在衣袖底发出，玄难曾在聚贤庄之战对付萧峰。,玄难,少林寺,天龙八部
天竺佛指,指法,少林七十二绝技之一，玄寂曾以这门指力救援被萧峰攻击的玄难。,玄寂,少林寺,天龙八部
拈花指,指法,少林七十二绝技之一，鸠摩智曾在天龙寺展现过，出指轻柔轻弹，微笑间克敌致胜，典出佛经中迦叶尊者拈花微笑的典故，是慕容博入藏经阁偷学的第一门武功。,鸠摩智、慕容博,少林寺,天龙八部
多罗叶指,指法,少林七十二绝技之一，鸠摩智曾在天龙寺展现过，指力可碎裂搭扣等金属片，十分霸道。,鸠摩智,少林寺,天龙八部
无相劫指,指法,少林七十二绝技之一，是萧远山入藏经阁偷学的第一门武功，鸠摩智曾在天龙寺展现过，指力从衣袖中暗暗发出，全无形迹，鸠摩智曾言可“以本相破无相”破解无相劫指。(但佛家素有本相非相之说法，且至高境界为无色无相。故本相破无相之法似乎不可行。),萧远山、鸠摩智,少林寺,天龙八部
伏魔杖法,仗法,少林七十二绝技之一，是萧远山入藏经阁偷学的第三门武功。,萧远山,少林寺,天龙八部
袈裟伏魔功,奇门,少林七十二绝技之一，玄慈精擅的武学，但自认不及鸠摩智。,玄慈,少林寺,天龙八部
般若掌,掌法,少林七十二绝技之一，乃是少林寺最精深的掌法，以“空、无、非空、非无”为要旨，是少林寺第八代方丈元元大师所创，也是萧远山入藏经阁偷学的第二门武功。最后一招“一空到底”可将对方的攻击化于无形。招数：峡谷天风，慑伏外道，天衣无缝，一空到底。,萧远山,少林寺,天龙八部
摩诃指,指法,少林七十二绝技之一，是一名挂单于少林寺四十年的七指头陀所创，第三版设定说因是外来头陀所留下的武功，和少林本门武功颇有不同，纯走刚猛路子，练少林佛门柔功者决不可练，否则内息极易走岔。招式：以逸待劳，三入地狱。,,少林寺,天龙八部
降魔掌,掌法,少林七十二绝技之一，少林寺第八代方丈元元大师所创，出掌轻柔，若有若无，和摩诃指无法同练，萧峰曾在少林寺中获得传授。,萧峰,少林寺,天龙八部
善勇猛拳法,拳法,少林七十二绝技之一，第三版中萧远山藏经阁偷得的武功。,萧远山,少林寺,天龙八部
九天九地方便铲法,奇门,少林七十二绝技之一，第三版中萧远山和慕容博在藏经阁外较量时，萧远山曾将之化入掌法中使出。,萧远山,少林寺,天龙八部
大金刚拳,拳法,少林七十二绝技之一，少林寺第十一代通字辈的六位高僧，穷三十六年之功，共同钻研而成，劲力偏刚猛一路。招式：洛钟东应，七星聚会。,,少林寺,天龙八部
燃木刀法,刀法,少林七十二绝技之一，刀法练成需在干木旁快劈八十一刀，藉刀上发出的热力将木材点燃生火，当年萧峰的师父玄苦大师即擅此技。,玄苦,少林寺,天龙八部
如影随形腿,腿法,少林七十二绝技之一，一腿既出，第二腿如影随形，紧跟攻击，鸠摩智曾用来对付虚竹。,鸠摩智,少林寺,天龙八部
大智无定指,指法,少林七十二绝技之一，鸠摩智曾用来对付虚竹。,鸠摩智,少林寺,天龙八部
去烦恼指,指法,少林七十二绝技之一，鸠摩智曾用来对付虚竹。,鸠摩智,少林寺,天龙八部
寂灭抓,爪法,少林七十二绝技之一，鸠摩智曾用来对付虚竹。,鸠摩智,少林寺,天龙八部
因陀罗抓,爪法,少林七十二绝技之一，鸠摩智曾用来对付虚竹。,鸠摩智,少林寺,天龙八部
伏虎拳,拳法,五台山清凉寺的绝技之一。,,五台山清凉寺,天龙八部
伏魔剑,剑法,五台山清凉寺的绝技之一，共有五十一招。,,五台山清凉寺,天龙八部
心意气混元功,内功,五台山清凉寺的绝技之一。,,五台山清凉寺,天龙八部
普门杖法,仗法,五台山清凉寺的绝技之一。,,五台山清凉寺,天龙八部
神足经,内功,全名为摩伽陀国欲三摩地断行成就神足经，第三版中游坦之因缘际会下捡到萧峰掉的武学秘笈，原先第一、二版都描述为易筋经，但第三版修改为神足经，乃是天竺国古代高人所创的的瑜伽秘术，以连串外国僧人的图画显示修练内功的诀窍。,游坦之,,天龙八部
冰蚕毒掌,掌法,游坦之吸取雪山千年冰蚕的毒性后练成的神功，能在一瞬间运转体内的涷气通过手掌发出来，可以直接隔着空气伤人，中者转眼间冰封一具雪人，大为难当。,游坦之,,天龙八部
腐尸毒,奇门,星宿派的阴毒武功，抓住一个活人向敌人掷出，其实一抓之承，先已将该人抓死，手抓中所喂的剧毒渗入血液，使那人满身都是尸毒，敌人倘若出掌将那人掠开，势非沾到尸毒不可。就算以兵刃拨开，尸毒亦会沿兵刃沾上手掌。甚至闪身躲避，或是以劈空掌之类武功击打，亦难免受到毒气的侵袭。这门功夫的要旨，全在成带有剧毒的深厚内力，能将人一抓而毙，尸身上随即沾毒，功夫本来却并无别般巧妙。这道理星宿派门人个个都懂，就是练不到如此内力而已。,丁春秋,星宿派,天龙八部
连珠腐尸毒,奇门,星宿派的阴毒武功，比腐尸毒更上一层楼，以连珠手法将人抓死后掷出。,丁春秋,星宿派,天龙八部
通臂拳,拳法,丐帮长老陈孤雁跟风波恶交手时所使出的拳法套路。,陈孤雁,丐帮,天龙八部
大别山回打软鞭十三式,鞭法,湖北阮家家传功夫之一，丐帮长老陈孤雁改以布袋使出。,陈孤雁,湖北阮家,天龙八部
湖北阮家八十一路三节棍,棍法,湖北阮家家传功夫之一，丐帮长老陈孤雁改以布袋使出。,陈孤雁,湖北阮家,天龙八部
奇门三才刀,刀法,丐帮长老吴长风所擅长的刀法，曾与云中鹤交战时使出，受王语嫣暗助而略胜一筹，差点能砍断云中鹤左手。,吴长风,丐帮,天龙八部
五台山二十四路伏魔杖,仗法,丐帮长老奚山河所用的杖法，曾与云中鹤交战时使出，因他身材太矮，那‘秦王鞭石’，‘大鹏展翅’两招威猛有余，沉稳不足，下盘颇有弱点。,奚山河,五台山,天龙八部
打狗阵,阵法,丐帮长老要围攻风波恶跟包不同的阵势，长老用乞讨的讨饭调来施发进攻的号令。,,丐帮,天龙八部
蛇鹤八打,奇门,四大恶人中云中鹤的武功，可克制四象六合刀，但被吴长风的奇门三才刀所克制。,云中鹤,,天龙八部
鳄嘴剪,奇门,四大恶人中岳老三新练成的兵器功夫。,岳老三,,天龙八部
鳄尾鞭,鞭法,四大恶人中岳老三新练成的兵器功夫。,岳老三,,天龙八部
腹语术,奇门,四大恶人之首段延庆流落江湖时所练成的邪功，和上乘内功相结合，能迷人心魄，乱人神智，这门武功纯以心力制敌，若对手内力胜过一筹，反害己身。段延庆曾传授给徒儿追魂杖谭青，谭青以此术在聚贤庄对付萧峰时被他破解反噬而亡。,段延庆,,天龙八部
五斗米神功,内功,海南岛五指山赤焰洞端木元的武功，曾控制一口浓痰转弯打中包不同，因此被王语嫣瞧出来历，这门武功十分阴毒，所以对外只称是由地火功演变的新招。,端木元,海南岛五指山赤焰洞,天龙八部
采燕功,奇门,南海椰花岛黎夫人的绝技，是椰花岛一派由采集燕窝的动作变化出以长竹杆为兵刃的武功，长杆取物，百发百中。,黎夫人,南海椰花岛,天龙八部
凭虚临风,轻功,蛟王不平道人在乌老大面前展现的轻功身法。,不平道人,,天龙八部
四十二路蜀道难牌法,奇门,西夏一品堂高手九翼道人的武学。,九翼道人,西夏一品堂,天龙八部
周公剑,剑法,福建一字慧剑门的绝招，在被天山童姥灭门后，只剩剑神卓不凡会使。,卓不凡,福建一字慧剑门,天龙八部
五罗轻烟掌,掌法,段正淳的武功，曾授予情人秦红绵，出掌如行云流水，潇洒之极。,段正淳,大理段氏,天龙八部
混沌剑阵,阵法,昆仑派的剑阵。,,昆仑派,天龙八部
罗汉剑阵,阵法,少林派的剑阵。,,少林派,天龙八部
段家剑,剑法,大理段氏的家传剑法，起手招式为“其得断金”，出招时脚步沉着，剑走轻灵，每一招攻守皆不失法度，剑招还有“金马腾空”、“碧鸡报晓”等招式，在段延庆在小镜湖欲杀段正淳时，双方使的都是这门剑法。,段延庆、段正淳,大理段氏,天龙八部
盘根错节十八斧,奇门,大理国侍卫古笃诚的武功，专攻敌人下盘。,古笃诚,大理段氏,天龙八部
清凉扇法,奇门,昆仑旁支三因观的武学，用判官笔使出更加厉害，是大理国侍卫朱丹臣的武功。,朱丹臣,三因观,天龙八部
杨家枪法,枪法,杨铁心家传绝技，北宋初年杨家将的枪法。最大绝学是七十二路“杨家枪法”，出枪甚长，且有虚实，有奇正，进其锐，退其速，其势险，其节短，不动如山，动如雷震。招式：毒龙出洞、凤点头、白虹经天、春雷震怒、回马枪。,杨铁心,,射雕英雄传
九阴真经,内功,北宋宋神宗年间文官黄裳编写的武学经典，天下武学无所不包，分成上下两册，载有易筋锻骨篇、疗伤篇、解穴秘诀、收筋缩骨法、移魂大法、蛇行狸翻、闭气秘诀、飞絮劲、摧心掌、白蟒鞭法、大伏魔拳、手挥五弦、摧坚神爪等招式。下册最后一篇为真经总纲，在通篇内功修练的要旨，曾帮助洪七公快速练回被重创后散失的功力，以及让一灯大师迅速恢复医治黄蓉时耗损的内功。,黄裳、洪七公、一灯大师,,射雕英雄传
摧心掌,掌法,此掌虽名“摧心”，但中者五脏六腑皆会被震烂，骨骼却不折断。《射雕英雄传》中，“铜尸”陈玄风、“铁尸”梅超风夫妻偷取师父黄药师的《九阴真经》，练就经上九阴白骨爪、白蟒鞭法、横练功夫外以及此功。但因黑风双煞夫妻多用白骨爪及白蟒鞭法而少用摧心掌，摧心掌的知名度远逊上述二功。后来，铜尸铁尸先后伏诛，九阴真经正本被毁，郭靖夫妻及杨过夫妻亦未曾练就此功，相信摧心掌就此失传。然而笑傲江湖中青城派掌门余沧海亦会同名而相似的武功。,陈玄风、梅超风,,射雕英雄传
摧坚神爪,爪法,《九阴真经》中的武功，又称九阴神爪，五指发劲，无坚不破，摧毁大岩，如穿腐土，出爪时爪心有强大的吸力可隔空取物或吸取他人功力，爪指有强大的透劲可隔空伤人，为一收一放，一开一合，合乎武学大道之理的功夫。梅超风与周芷若皆未得此招完整练法而断章取义偏成九阴白骨爪，周芷若也惨败给完整习得摧坚爪的黄衫女子，足见两者威力差别。,,,射雕英雄传
伏魔杖法,仗法,江南七怪之首飞天蝙蝠柯镇恶的成名武功，杖下威力十分钢猛。,柯镇恶,,射雕英雄传
分筋错骨手,擒拿,江湖常见的武技，但江南七怪中的朱聪自有创见，另变出许多奥妙。,朱聪,,射雕英雄传
空空拳,拳法,江南七怪中的朱聪所擅长的拳技，招式巧妙，朱聪除了教给郭靖外，也教过拖雷三招。,朱聪,,射雕英雄传
妙手空空,奇门,朱聪的绝技，数次从对手身上偷得物品，临死前从杨康身上摸出绣花鞋就是他最好的证明。,朱聪,,射雕英雄传
南山刀法,刀法,江南七怪中“南山樵子”南希仁的武功，由于猜测丘处机会教授杨康“杨家枪法”，曾特别指导郭靖刀法中单刀破枪的法门。,南希仁,,射雕英雄传
开山掌法,掌法,江南七怪中南山樵子南希仁传授给郭靖的掌法。,南希仁,,射雕英雄传
南山掌法,掌法,江南七怪中南山樵子南希仁传授给郭靖的掌法，施展开时双掌翻合，虎虎生风。,南希仁,,射雕英雄传
铁布衫,内功,江南七怪中笑弥陀张阿生练有的横练功夫。,张阿生,,射雕英雄传
金龙鞭法,鞭法,江南七怪中马王神韩宝驹的成名武功，招式注重巧劲，练习时若劲力用错，反先伤己身，由于韩宝驹身材偏矮，因此专研攻敌下盘的法门，曾传给徒弟郭靖，倚之力斗黄河四鬼。,韩宝驹,,射雕英雄传
地堂鞭法,鞭法,江南七怪中马王神韩宝驹的武功，着地滚进，专向对方下盘急攻。,韩宝驹,,射雕英雄传
鸳鸯连环腿,腿法,马王神韩宝驹的生平绝学，左起右落，左落右起，倏忽之间接连踢出了九脚，脚下曾踢倒无数南北好汉。,韩宝驹,,射雕英雄传
呼延枪法,枪法,江南七怪中闹市侠隐全金发传给郭靖的枪法，是军中流传甚广的枪法，而全金发秤杆的打法本从枪中脱胎而来。,全金发,,射雕英雄传
越女剑法,剑法,江南七怪中越女剑韩小莹的剑法，乃是《越女剑》一书中剑神越女阿青遗留的剑招，在唐末时一名剑法名家依据自古流传的剑招重新去芜存菁、另生变化而成。韩小莹将这路剑法教给郭靖后，郭靖又传给郭芙跟武氏兄弟。,韩小莹、郭靖,,射雕英雄传
灵鳌步,轻功,黄药师所创的轻功身法，黄蓉曾用来躲开彭连虎的攻击，让他以为黄蓉是黑风双煞的弟子。,黄蓉,桃花岛,射雕英雄传
兰花拂穴手,点穴,黄药师所创的点穴手法，十指灵巧轻柔，运劲若有若无，扣指如兰花，出手优雅，与桃华落英掌合使更显精妙。讲究“快、准、奇、清”，务须出手优雅，气度闲逸，轻描淡写，行若无事，才算得到家，要是出招紧迫狠辣，不免落了下乘，配不上“兰花”的高雅之名。,黄药师,桃花岛,射雕英雄传
劈空掌,掌法,黄药师的一门绝技，在一瞬间运转体内的气通过手掌发出来，攻击对方，可以直接隔着空气伤人。练习时要用铁八卦，还要手掌浸过醋，曾传授给徒弟陆乘风跟曲灵风，其女黄蓉虽也知悉修练法门，但修为甚浅。黄药师正是用“劈空掌”和“弹指神通”与西毒、南帝、北丐打成平手。洪七公等人也会“劈空掌”。但有可能桃花岛的劈空掌是自成一派的武功绝技。练习劈空掌要用“铁八卦”，还要手掌浸过醋。小说里，黄蓉还说过：手掌浸过醋，如果还没散功，被大石头压得久了，手掌就毁了。,黄药师、陆乘风、曲灵风,桃花岛,射雕英雄传
桃华落英掌(落英神剑掌),掌法,黄药师早年由剑法另行悟创的掌法，和旋风扫叶腿并施即为东风绝技，掌法奇巧多变，或五虚一实或八虚一实，招式飘逸若仙，但也能将虚招全变成实招，掌劲凌厉，所以招式名称才添了“神剑”两字，另可衍生出落英剑法，在第三版里改称“桃华落英掌”。在神雕侠侣中，黄药师的小徒弟程英也会此招，功力仅略逊于师姐黄蓉。,黄药师、程英,桃花岛,射雕英雄传
旋风扫叶腿,腿法,黄药师早年悟创的腿功，和桃华落英掌并施即为东风绝技，六个弟子无一得传，后因自恼重罚了四名无辜弟子，另行创出与旋风扫叶腿配合的内功心法，每日打坐练气，进境若快，可使伤残者逐渐恢复行走。,黄药师,桃花岛,射雕英雄传
东风绝技(狂风绝技),奇门,桃华落英掌与旋风扫叶腿齐施，共六六三十六招，招术以六招为一轮，速度愈来愈快。在第三版里改称东风绝技。,黄药师,桃花岛,射雕英雄传
奇门五转,掌法,黄药师以十多年功力从奇门五术中演变出来的绝学。使时掌影飘飘，快捷无伦，犹如一座大山重重压向敌人，招数更是越出越快，攻势也随之大盛，可逼得敌人随自己急速旋转，从而转得头晕眼花，极难抵挡得住。在第二次华山论剑与郭靖交手最后使出的绝招。,黄药师,桃花岛,射雕英雄传
碧波掌法,掌法,桃花岛入门武功，傻姑偷看曲灵风练功时习得一招半式，曾用来攻击梁子翁，也因为使用这路掌法让黄蓉跟黄药师认出她是曲灵风后人。,傻姑,桃花岛,射雕英雄传
弹指神通,指法,黄药师的一门绝技，透过指头弹出暗器或石子，可发挥极强的破坏力。《射雕英雄传》中，黄药师与周伯通比玩石弹、在归云庄弹石指点梅超风，都是使的这门功夫。《神雕侠侣》中，黄蓉亦以此功弹酒杯。黄药师更把此功及玉箫剑法传与杨过以克制李莫愁的五毒神掌及拂尘。黄药师也曾以此绝技和杨过的黯然消魂掌打成平手。此外，《天龙八部》的天山童姥和虚竹、《倚天屠龙记》的明教“光明左使”杨逍和《侠客行》的“摩天居士”谢烟客也会此功。,黄药师,桃花岛,射雕英雄传
碧海潮生曲,奇门,黄药师的一门绝技，箫声有如海潮变幻，以上层内力惑人心志、乱其内息，他曾用这门功夫对付老顽童周伯通，与欧阳锋的铁筝、洪七公的啸声相抗。,黄药师,桃花岛,射雕英雄传
打狗棒法,棒法,丐帮两大镇帮绝技之一，乃是丐帮帮主的象征，可搭配打狗棒施展，洪七公因将帮主之位传给黄蓉，这路棒法也悉数相授。在神雕侠侣中，杨过在因缘际会下遇到洪七公和义父欧阳锋，洪七公只教授要式和招数，并未传授口诀；欧阳锋则是传授反制法，最后洪七公和欧阳锋含笑过世，杨过将他们葬在一起。与郭靖、黄蓉再度碰面时，听到黄蓉传授鲁有脚口诀时，完全领悟。,洪七公、黄蓉、杨过,丐帮,射雕英雄传
降龙十八掌,掌法,丐帮两大镇帮绝技之一，乃天下第一掌法，但不一定只有帮主能修炼，丐帮萧峰以降龙十八掌威震武林，少林寺一役技冠群雄，可惜因遗失擒龙功而无法发挥至最强，被由洪七公修传给郭靖后，是郭靖最主要及最厉害的武学。在神雕侠侣中，郭靖的功力与金轮法王尚可略为比拼。,萧峰、洪七公、郭靖,丐帮,射雕英雄传
逍遥游拳法,拳法,洪七公传授黄蓉跟穆念慈的拳法，招式路数和桃花岛武功颇相似，是洪七公少年所学的武技，已经弃用多年。,洪七公,丐帮,射雕英雄传
满天花雨掷金针,暗器,为应付欧阳锋、欧阳克叔侄所训练的蛇阵，洪七公从黄蓉缝制衣服的举动联想到可用满天花雨的手法掷针刺蛇，进而创出这套暗器手法，并将之教给黄蓉。,洪七公、黄蓉,丐帮,射雕英雄传
莲花掌,掌法,洪七公随意传给黄蓉的武功之一，黄蓉曾在丐帮大会上使出。,黄蓉,丐帮,射雕英雄传
铜锤手,拳法,洪七公随意传给黄蓉的武功之一，黄蓉曾在丐帮大会上使出。,黄蓉,丐帮,射雕英雄传
混天功,内功,洪七公随意传给黄蓉的武功之一，黄蓉曾在丐帮大会上使出。,黄蓉,丐帮,射雕英雄传
铁帚腿法,腿法,洪七公随意传给黄蓉的武功之一，黄蓉曾在丐帮大会上使出。,黄蓉,丐帮,射雕英雄传
伏虎拳,拳法,洪七公在重伤后领会九阴真经之意，起身所演练的拳法。此为真实武术，为洪门之拳技，以黄麒英、黄飞鸿父子使得最为杰出。,洪七公,丐帮,射雕英雄传
毒蛇寻穴手,奇门,杨康在参加比武招亲时跟杨铁心交手所用的武功。,杨康,,射雕英雄传
金雁功,轻功,全真派极精深的轻功，马钰曾在蒙古让郭靖每日上崖下崖而修练到的。,马钰、郭靖,全真教,射雕英雄传
空明拳,拳法,“老顽童”周伯通被困桃花岛时，由老子道德经的意义中悟出的拳技，拳诀共十六字：“空朦洞松、风通容梦、冲穷中弄、童庸弓虫”，曾传给义弟郭靖和徒弟耶律齐。总共有七十二路。,周伯通,全真教,射雕英雄传
双手互搏,奇门,也称‘左右互搏之术’，老顽童周伯通被困桃花岛时，穷极无聊自创的游戏，让自己的左手和右手各用不同的武功对打，经郭靖点破后方知可分使两种不同的武功抗敌，自身武功斗然增强一倍。起始修练法门是一手划方、一手划圆，关键诀窍全在“分心二用”四字，只有思想单纯之人方可理解，心思缜密太过聪明之人容易多想反而无法领会，故除了周伯通外只有郭靖与小龙女两人学会。,周伯通、郭靖,全真教,射雕英雄传
先天功,内功,全真教镇教绝学，为“中神通”王重阳在第一回华山论剑时力压其余四绝的绝顶功夫，徒弟全真七子跟师弟周伯通均未获得传授，仅与“南帝”段智兴交换过一阳指，用意是要“南帝”拥有克制“西毒”欧阳锋之能。先天功配合一阳指除了可以完全对付欧阳锋外，也可以治疗沉重的内伤。,王重阳,全真教,射雕英雄传
三花聚顶掌法,掌法,全真教最强的掌法，马钰被彭连虎用毒针偷袭后，迅速回击的招式，第三版中改为“履霜破冰掌法”。,马钰,全真教,射雕英雄传
全真剑法,剑法,全真剑法是全真教的武学。剑法变化精微，威力极盛，包含定阳针、天绅倒悬、揩磨尘垢、探海屠龙、罡风扫叶、雁行斜击、浪迹天涯，一剑化三清等招式。其中一剑化三清更是每一招均可化为三招，十分厉害。古墓派亦有一套玉女剑法专克全真剑法，但当双剑合壁，一个使玉女剑法，一个使全真剑法，就会变成威力极大的玉女素心剑法。但此招只有杨过或使用。,,全真教,射雕英雄传
同归剑法,剑法,全真教剑法之一，剑法只攻不守，招招力求同归于尽，故名同归剑法，是全真七子怕落单遇上西毒欧阳锋而创出，意在牺牲一人保全同门，丘处机曾用这门剑法与江南七怪及焦木大师交手。,丘处机,全真教,射雕英雄传
指笔功,指法,全真教武学，在江南七怪和马钰故布疑阵欺骗梅超风时，曾提及谭处瑞练就此功。,谭处瑞,全真教,射雕英雄传
金关玉锁二十四诀,内功,全真教武学，马钰所修练的内功。,马钰,全真教,射雕英雄传
天罡北斗阵,阵法,王重阳替全真七子新创的阵法，以北斗七星运转为原理，可联手对抗四绝等级的高手，阵法和九阴真经的北斗大法相呼应，乃道家至高之学。全真七子布阵时马钰位当天枢，谭处端位当天璇，刘处玄位当天玑，丘处机位当天权，四人组成斗魁；王处一位当玉衡，郝大通位当开阳，孙不二位当摇光，三人组成斗柄。北斗七星中以天权光度最暗，却是居魁柄相接之处，最是冲要，因此由七子中武功最强的丘处机承当，斗柄中以玉衡为主，由武功次强的王处一承当。天罡北斗阵可将七人之力合而为一，王重阳昔年曾为此阵花过无数心血。小则以之联手搏击，化而为大，可用于战阵。敌人来攻时，正面首当其冲者不用出力招架，却由身旁道侣侧击反攻，犹如一人身兼数人武功，确是威不可当。七子却是以静制动，盘膝而坐，击首则尾应，击尾则首应，击腰则首尾皆应，牢牢的将敌人困在阵中。但天罡北斗阵的缺陷就在“北极星位”，一旦位置被占，反而七人都是门户洞开，互相不能联防，每人都暴于敌人攻势之下。因为北斗星宿中“天枢”“天璇”两星联一直线，向北伸展，即遇北极星。此星永居正北，北斗七星每晚环之而转。只须抢到北极星的方位，北斗阵散了便罢，否则更能坐镇中央，带动阵法，那时以逸待劳，自是立于不败之地。,全真七子,全真教,射雕英雄传
一阳指,指法,一阳指是大理皇家段氏一族的成名绝技，在招式上可克制西毒欧阳锋。南帝段智兴曾以一阳指与王重阳交换先天功，并在出家后将一阳指武功传给门下弟子“渔樵耕读”。一阳指施展时，可近战可远攻，与高手争搏之时，近斗凶险，若用这手法，既可克敌，又足保身。抢攻固然神妙，尤难的却是在一攻而退，鱼逝兔脱，无比灵动。,段智兴,大理段氏,射雕英雄传
蛤蟆功,内功,西毒欧阳锋的绝技，发功时蹲在地下，双手弯与肩齐，嘴里发出咯咯叫声，宛似一只大青蛙作势相扑，双手平推，吐气扬眉，威力十足。武学要旨在于以静制动，全身蓄劲涵势，只要敌人一施攻击，立时便有猛烈无比的劲道反击，但一阳指跟先天功都可克制蛤蟆功。由于这门武功需有相当的内力为基础，所以并未教给私生子欧阳克，但在发疯后顺手传授给杨过。蛤蟆冬眠之期极久，在土中隐藏多时，蓄积体力，一出土便精神百倍。欧阳锋所练蛤蟆功主旨与此相仿，平时练功，长期蓄力，临敌时一鼓使出。又月中蟾蜍，俗称蛤蟆，此功于夜中对着月亮黑影而练，故有此称。现实中确实有这套功夫，又名“金鸡喝水功”，相传为岳飞所创。,欧阳锋,白驼山庄,射雕英雄传
透骨打穴法,点穴,仅有欧阳锋跟黄药师可解的阴毒点穴手法，需用独特方式才能解开。,欧阳锋、黄药师,,射雕英雄传
神驼雪山掌,掌法,白驼山庄家传武艺，欧阳克曾在与梅超风交手时使出。,欧阳克,白驼山庄,射雕英雄传
瞬息千里,轻功,白驼山庄家传轻功，欧阳克曾在与梅超风交手时使出。,欧阳克,白驼山庄,射雕英雄传
飞燕银梭,暗器,欧阳克在桃花岛上试图暗算郭靖的暗器。,欧阳克,白驼山庄,射雕英雄传
灵蛇拳,拳法,第一次华山论剑后，欧阳锋为在下回论剑时出奇制胜，参考毒蛇动作创出的拳技，施展时宛若无骨，可以突然变换方向攻击敌手，欧阳克在对上郭靖时为求胜逞快使出，令旁观的洪七公进而推敲出应付之道。,欧阳锋、欧阳克,白驼山庄,射雕英雄传
灵蛇杖法,仗法,欧阳锋的兵器招数，杖法中夹杂棒法、棍法的套路，杖头所雕人头口中的两排利齿喂有剧毒，杖上机括按动可发出歹毒暗器，杖尖还缠盘著两条毒蛇令人难以防范。后来也传授给杨过。,欧阳锋,白驼山庄,射雕英雄传
罗汉伏虎拳,拳法,陆冠英学自仙霞派的拳招，拳法中将猛虎罗汉双形，同时在一套拳法中显示出来。,陆冠英,仙霞派,射雕英雄传
罗汉刀法,刀法,仙霞派枯木禅师传授陆冠英的刀法，招式刀沉力猛。,陆冠英,仙霞派,射雕英雄传
铁掌,掌法,“铁掌水上飘”为裘千仞的成名绝技，修练时需用双掌在铁沙中熬炼，又名铁砂掌，威力虽略逊降龙十八掌，但掌法精奇巧妙，犹在降龙十八掌之上，在武学诸派掌法之中向称刚猛第一，裘千仞曾用铁掌重创瑛姑与“老顽童”周伯通之私生子跟黄蓉，一旦遭铁掌击成严重内伤，需要一阳指搭配先天功才能治愈。,裘千仞,铁掌帮,射雕英雄传
通臂六合掌,掌法,裘千丈在归云庄炫耀的武功，是从通臂五行掌中变化出来。招数虽然不奇，要旨在双臂贯为一劲，双手确有相互应援，发挥连环不断之巧。,裘千丈,铁掌帮,射雕英雄传
毒砂掌,掌法,武林中常见的毒掌功夫，但灵智上人的修为之深却是武林少见，连王处一曾与他对上一掌吃亏不小，需用血竭、田七、没药、熊胆四味药祛除毒气。,灵智上人,,射雕英雄传
大手印,掌法,灵智上人在藏边修练多年的绝技，掌劲十分沉雄，但威力与欧阳锋、周伯通等人仍差上好大一截，在第三版中改为青海手印宗的五指秘刀。,灵智上人,,射雕英雄传
野狐拳法,拳法,参仙老怪梁子翁在长白山采参时，偶见野狐斗野犬从狐狸动作中领悟的拳法，招式以灵、闪、扑、跌四字为要诀，专门对付较己更强的劲敌，曾凭此技力斗练成降龙十八掌的郭靖，梁子翁未攻先闪、跌中藏扑，但仍被郭靖实打实击下海面。,梁子翁,,射雕英雄传
关外大力擒拿手法,擒拿,参仙老怪梁子翁传授给弟子的武功，曾用来对付郭靖。,梁子翁,,射雕英雄传
疯魔杖法,仗法,丐帮简长老的武功，乃是梁山泊好汉鲁智深传下来的杖法，套路极为威猛，但仍不敌黄蓉的打狗棒法。,简长老,丐帮,射雕英雄传
大力金刚杖法,仗法,丐帮简长老的武功，招式走刚猛一路，但仍不敌黄蓉的打狗棒法。,简长老,丐帮,射雕英雄传
坚壁阵,阵法,丐帮阵法，由十多名帮众排成前后两列，各人手臂相挽，结成一堵坚壁猛冲，合十余人的体重，再加上疾冲之势袭击敌人。,,丐帮,射雕英雄传
泥鳅功,内功,瑛姑从泥鳅穿泥游行领悟的武功要诀，身上好似涂上一层油脂，溜滑异常，将敌人的攻击滑卸开来。,瑛姑,,射雕英雄传
七绝针,暗器,瑛姑从女工针线中研究的暗器招式，其右手食指戴有突出金针的金环，金针上具有剧毒。,瑛姑,,射雕英雄传
移形换位,轻功,沙通天的轻功身法，曾用来拦截黄蓉逃跑。,沙通天,,射雕英雄传
钱镖,暗器,彭连虎以铜钱打出的暗器，曾用来拦阻黄蓉。,彭连虎,,射雕英雄传
燕青拳,拳法,梁子翁在众人面其在筷子上施展的轻巧拳术。,梁子翁,,射雕英雄传
断魂刀法,刀法,沙通天传给徒弟沈青刚的武功。,沙通天,,射雕英雄传
夺魄鞭法,鞭法,沙通天传给徒弟马青雄的武功。,沙通天,,射雕英雄传
追命枪法,枪法,沙通天传给徒弟吴青烈的武功。,沙通天,,射雕英雄传
丧门斧法,奇门,沙通天传给徒弟钱青健的武功。,沙通天,,射雕英雄传
哀牢山三十六剑,剑法,朱子柳的武学，上下前后左右各刺六剑，连刺六六三十六剑，称为天下剑法中攻势凌厉第一。,朱子柳,大理段氏,射雕英雄传
青蟒剑法,剑法,陈达海的成名绝技，施展时剑尖闪动，犹如蟒蛇。,陈达海,,白马啸西风
神行百变,轻功,在作品碧血剑、鹿鼎记里有记载，由铁剑门木桑道人所创，后来又传给阿九（九难，长平公主），九难再传给韦小宝。,木桑道人、九难、韦小宝,铁剑门,鹿鼎记
五虎断门刀,刀法,江洋大盗茅十八的成名刀法，招式十分狠辣。,茅十八,,鹿鼎记
沐家拳,拳法,沐王府成名江湖的拳术，在武林中流传颇广，练就者众。,,沐王府,鹿鼎记
回风剑,剑法,沐王府成名江湖的剑法，在武林中流传颇广，练就者众。,,沐王府,鹿鼎记
小擒拿手,擒拿,武当派的基础擒拿手法，假太后曾教给康熙。,假太后,武当派,鹿鼎记
八卦游龙掌,掌法,武当派武学之一，只有八八六十四式，但反复变化自有巧妙，假太后曾教给康熙和韦小宝交手之用。,假太后,武当派,鹿鼎记
大擒拿手,擒拿,少林寺的基础擒拿手法，海大富曾教给韦小宝，共有十八式，每式都各有七八种变化。,海大富,少林寺,鹿鼎记
大慈大悲千叶手,掌法,少林寺武学之一，是天下最仁善的武功，招式变化多端，颇为难练，海大富虽教给韦小宝，但他却练得不甚精通。,海大富,少林寺,鹿鼎记
虎爪手,爪法,十八罗汉要擒抓九难时所使的擒拿手法。,,少林寺,鹿鼎记
龙爪手,爪法,十八罗汉要擒抓九难时所使的擒拿手法。,,少林寺,鹿鼎记
擒龙功,擒拿,十八罗汉要擒抓九难时所使的擒拿手法。,,少林寺,鹿鼎记
化骨绵掌,掌法,神龙教的阴狠掌力，中掌者在一年半载后，骨骼慢慢折断碎裂致人于死，假太后曾用来害死贞妃和康熙生母孝康皇后。,假太后,神龙教,鹿鼎记
阴阳磨,掌法,崆峒派的厉害掌功，双手掌力分为阴阳两种，倒转运使起来，可以消磨对手功力，修习此功十分伤身，海大富和假太后交手时，最后利用此技化去她大量功力。,海大富,崆峒派,鹿鼎记
飞凤手,掌法,崆峒派武功，阿珂曾用来打伤少林弟子。,阿珂,崆峒派,鹿鼎记
落雁掌,掌法,昆仑派武功，阿珂曾用来打伤少林弟子。,阿珂,昆仑派,鹿鼎记
回风掌,掌法,武当派武功，阿珂曾用来打伤少林弟子。,阿珂,武当派,鹿鼎记
太极刀,刀法,阿珂想用来对付澄观的刀法之一。,阿珂,,鹿鼎记
少林长拳,拳法,少林寺入门所学第一套武功。,,少林寺,鹿鼎记
罗汉拳,拳法,少林寺入门武学，学完少林长拳后，再进阶的拳法。,,少林寺,鹿鼎记
伏虎拳,拳法,少林寺入门武学，练成罗汉拳后再进一步修练的武功，待练就伏虎拳，内外功已有相当根底，才能修练更高深的少林寺武功。,,少林寺,鹿鼎记
韦陀掌,掌法,少林寺武学，在练成伏虎拳后因循渐进修练的掌法，若不学韦陀掌，也可修练大慈大悲千叶手。,,少林寺,鹿鼎记
散花掌,掌法,少林寺武学，学完韦陀掌跟大慈大悲千叶手后，更深一层的武技，据澄观所言，练到散花掌后，别派弟子已少有能敌。,,少林寺,鹿鼎记
波罗蜜手,掌法,少林寺武学，练成散花掌才能再更上层楼的武功，但能否跨过此一门槛，端看各人悟性如何。,,少林寺,鹿鼎记
金刚神掌,掌法,少林寺武学，寺僧练成波罗蜜手才能再进阶修练的掌法。,,少林寺,鹿鼎记
拈花擒拿手,擒拿,少林寺武学，寺僧练成金刚神掌后，方可修练的擒拿手法。纯以浑厚内力为基，出手平淡冲雅，不杂丝毫霸气。人以“拈花”两字为这路擒拿之名，自然每一招都是姿式高雅，和寻常擒拿手的扳手攀腿，大异其趣。,,少林寺,鹿鼎记
般若掌,掌法,少林七十二绝技之一，需练就这门掌法，才能依据掌力深浅传授易筋经内功。,,少林寺,鹿鼎记
一指禅,指法,少林七十二绝技之一，需先修练易筋经的内力才足以驱使运用，澄观至五十三岁时才略通这门指法。,澄观,少林寺,鹿鼎记
破衲功,奇门,少林七十二绝技之一，少林方丈晦聪曾以衣袖使出接去敌手掷发的暗器。,晦聪,少林寺,鹿鼎记
凝血神爪,爪法,天地会总舵主陈近南的成名招式，爪劲异常阴毒，中招者三天后全身血液慢慢凝结而死，无药可治。唯有在泥地掘洞将全身埋入，只露出口鼻呼吸，每日埋四个时辰，一共掩埋七天方能化解。,陈近南,天地会,鹿鼎记
鸡爪功,爪法,西藏拉萨大喇嘛巴颜法师所擅长的擒拿手法，曾和清凉寺住持澄光力斗一场。,巴颜法师,,鹿鼎记
大手印神功,掌法,西藏密宗的第一高手桑结练至登峰造极的武功。,桑结,密宗,鹿鼎记
两指禅,指法,桑结左右齐发的强悍指力，自认武功独特天下无双，自从十根手指中毒截去之后，手指短了一段，出手已不如先前灵活，但正因短了一段，若是点中在敌人身上，力道又比昔日强了三分。,桑结,密宗,鹿鼎记
金刚护体神功,内功,少林派内功最高境界，故老相传，这“金刚护体神功”练到登峰造极之时，周身有一层无形罡气，敌人袭来的兵刃暗器尚未及身，已给震开。,,少林寺,鹿鼎记
红砂掌,掌法,昆仑派独门掌法，冯锡范曾用来击杀关安基，中掌处会留有血红色的手印。,冯锡范,昆仑派,鹿鼎记
美人三招,奇门,洪夫人苏荃的功夫，曾经传给韦小宝，分别是“贵妃回眸”、“小怜横陈”、“飞燕回翔”。,苏荃、韦小宝,神龙教,鹿鼎记
燕青十八翻,轻功,地堂门身法，可以滚到敌人身前，用单刀砍他们的腿。,,地堂门,鹿鼎记
松鼠草上飞,轻功,地堂门身法，可以滚到敌人身前，用单刀砍他们的腿。,,地堂门,鹿鼎记
地堂刀法,刀法,地堂刀法，地堂门武功，倘若上阵打仗，可以滚过去砍马腿，林兴珠曾传授士兵在攻打台湾时使用。,林兴珠,地堂门,鹿鼎记
独孤九剑,剑法,独孤九剑是令狐冲于思过崖遭遇到强敌田伯光，风清扬在后不愿动手，于是又一夜时间传授令狐冲，独孤九剑分做九大部分：总诀式、破剑式、破刀式、破枪式、破鞭式、破索式、破掌式、破箭式、破气式，分别是依据不同兵器而生的对招方式，而就其本质来说，则可理解为“与八种不同兵器对阵时，所采用的攻防观念”。其中最需要注意的，是使用掌法或其它拳脚功夫的对手，原因是这一类的对手不用兵刃，自然在拳脚与内力上有高超之处，而且武学修为也已到一境界，有无兵器已相差不多。,独孤求败、风清扬、令狐冲,华山派,笑傲江湖
飞沙走石十三式,刀法,田伯光的快刀招式。,田伯光,,笑傲江湖
倒踩三叠云,轻功,田伯光施展的轻功。,田伯光,,笑傲江湖
易筋经,内功,主条目: 易筋经。《易筋经》为少林派当中的最上乘内功。易筋经初为达摩所著。达摩涅盘后，遗下易筋经。二祖慧可带着仍不理解的易筋经群访高僧，当中的佛理与梵僧般剌密谛共同研读四十九日终明白，但武学仍无法透彻。后，隋末唐初于长安道上，遭遇一个武功高强的青年畅谈三天三夜，终于明白个中道理。后来那青年成为唐朝开国将领卫国公李靖，而易筋经也自此发扬光大。令狐冲曾先后因拒投其他门派而拒绝方证大师的传授、黄钟公及冲虚道长转介学习易筋经。最终方证大师称桃谷六仙受到风清扬之命将“华山内功心法”授予令狐冲，再由方证大师传授给令狐冲，所谓的华山内功心法其实是易筋经。令狐冲的内伤因亦而得到治疗。若以威力而论，易筋经堪称天下内功之冠，与少林藏经阁另一路绝顶神功:九阳神功，可说难分上下；如能有人兼修易筋九阳二功，定必臻至天下无敌之境界！这个武功也是少数非虚构的武学，在现实生活里面确实有这套武功。,方证大师、令狐冲,少林寺,笑傲江湖
千手如来掌,掌法,少林七十二绝技之一，方证大师曾用来跟任我行交手，这门掌法变幻莫测，每一掌击出，甫到中途，已另变换数个方位，一掌变两掌，两掌变四掌，四掌变八掌，掌法虽繁，功力不散，威力极强。,方证大师,少林寺,笑傲江湖
寒冰真气,内功,寒冰真气是左冷禅在和任我行第一次比试后，用了十多年时间修练而成的内功，是至阴至寒的内力。左冷禅与任我行第二次比试时，任我行想用吸星大法吸取左冷禅的内力，但左冷禅反利用寒冰真气让任我行吸取，使任我行全身冻僵，封住任我行的穴道。，在第一版中本名为“寒玉真气”。,左冷禅,嵩山派,笑傲江湖
嵩山剑法,剑法,嵩山派的剑法，分成内八路，外九路，再左冷禅去芜存菁，一一修改后，一十七路剑招更加狠辣且气势堂皇，包含万岳朝宗、千古人龙、叠翠浮青、玉井天池等招式。,左冷禅,嵩山派,笑傲江湖
大嵩阳神掌,掌法,大嵩阳神掌为嵩山派的掌法。左冷禅在和任我行第一次比试时，亦曾使用大嵩阳神掌。左冷禅在观看任我行与方证大师对掌时感到大嵩阳神掌与任我行的似拙实巧的掌法相比显得招数太繁，变化太多，不如任我行掌法的攻其一点，不及其余。,左冷禅,嵩山派,笑傲江湖
大阴阳手,掌法,由左冷禅的五师弟，嵩山十三太保之一乐厚使用。双掌掌力不同，一阴一阳，双掌凌空推出，阳掌先出，阴力却先行着体，一股寒气袭上对手来，然后一股炙热的掌风跟着扑到，阴阳双掌掌力同时著体，威力强大。,乐厚,嵩山派,笑傲江湖
寒冰神掌,掌法,嵩山派的掌法，是左冷禅结合大嵩阳掌及寒冰真气施展的掌法。,左冷禅,嵩山派,笑傲江湖
吸星大法,内功,任我行纵横江湖的绝技，可吸收他人真气，化成自己的内力，疑似是结合逍遥派北冥神功与化功大法两路功夫而成，但内功之中存有重大缺陷，就是吸取来的他人功力超过自身负荷后会产生反噬作用。,任我行、令狐冲,日月神教,笑傲江湖
吸功入地小法,奇门,向问天模仿吸星大法创出的武功，可以将敌手攻来的内力自手臂传至腰胁，再导引至腿脚进入地底消散，曾帮助令狐冲应付峨嵋派道士的攻击，因此被围攻的一群敌手误认为任我行的吸星大法，向问天也自认只是唬人的伎俩，素来鲜少使用。,向问天,日月神教,笑傲江湖
紫霞神功,内功,紫霞神功为华山派当中的最上乘内功，素有“华山九功，第一紫霞”的美誉，乃由华山派开山祖师紫霞真人所创，初发时若有若无，绵如云霞，然而蓄劲极韧，到后来更铺天盖地，势不可当，由于练就此功的人运行紫霞功时，脸皮上会布满紫气，故得“紫霞”之称。唯若论威力，紫霞神功却远不及少林派易筋经。紫霞神功载于紫霞秘笈上，被岳不群收在一方铁盒里，在书中可知练过紫霞神功的人只有岳不群和他的师傅，据宁中则所言当年玉女峰上华山派剑宗、气宗大比剑时，岳不群的师傅就仗着紫霞功以拙胜巧，打败十多位剑宗高手。而岳不群也利用过紫霞神功击退木高峰救回林平之，还有提高听力、助令狐冲调和体内诸般真气等效用，甚至在和左冷禅斗剑时运使紫霞神功抵御左冷禅的寒冰神掌内劲侵体。岳不群曾想将紫霞神功传给首徒令狐冲，但因为令狐冲学得思过崖石洞里破解华山剑法招式的法门，被岳不群认为误入歧途而暂缓教授。后来令狐冲被桃谷六仙强灌真气后，岳灵珊跟陆大有盗出秘笈要让令狐冲练功疗伤，结果令狐冲坚不肯听将陆大有点倒后离开，不料却让嵩山派遣来华山卧底的劳德诺伺机杀死陆大有夺去秘笈。,岳不群,华山派,笑傲江湖
华山剑法,剑法,华山派剑法，包含白云出岫，有凤来仪，天绅倒悬，白虹贯日，苍松迎客，金雁横空，无边落木，青山隐隐，古柏森森，钟鼓齐鸣，截剑式等招数。,,华山派,笑傲江湖
太岳三青峰,剑法,出自华山派岳不群的凌厉剑法，是第二剑比第一剑的劲道狠，第三剑又胜过了第二剑，招式偏向进攻敌手上盘。,岳不群,华山派,笑傲江湖
玉女剑十九式,剑法,华山派剑法，虽仅十九式，但每式变化都颇为繁复，剑法要旨在于变幻奇妙，因为女弟子膂力较弱，遇上劲敌之时，可凭此剑法以巧胜拙。,,华山派,笑傲江湖
无双无对，宁氏一剑,剑法,华山派剑法，乃宁中则自创之招，包含了华山派的内功、剑法的绝诣，但与华山派失传剑招颇为雷同，但思过崖石洞里纪录的失传剑招却更加浑厚有力。,宁中则,华山派,笑傲江湖
养吾剑,剑法,华山派剑法之一。,,华山派,笑傲江湖
希夷剑,剑法,华山派剑法之一。,,华山派,笑傲江湖
淑女剑,剑法,华山派剑法之一，是宁中则的拿手剑法。,宁中则,华山派,笑傲江湖
豹尾脚,腿法,华山派的腿招。,,华山派,笑傲江湖
狂风快剑,剑法,狂风快剑为华山派剑宗封不平在中条山隐居十五年所创的剑法，共有一百零八式。狂风快剑威力奇大，使出剑招时剑锋所发出的劲气可使旁人觉得寒气逼人。但还是败给了令狐冲。,封不平,华山派,笑傲江湖
夺命连环三仙剑,剑法,夺命连环三仙剑为华山派剑宗的绝技之一，剑招三式连环击出。起始当头直劈；若对方斜身闪开，则圈转长剑，拦腰横削；如果对方还能避开，势必纵身上跃避开剑锋，则长剑反撩，疾刺对方后心，对方背后不生眼睛，势难躲避。当年华山派剑宗和气宗之争，数名气宗好手亦死于这三招剑法之下。气宗夺得华山派掌门一职后，气宗好手参详这三招剑法时，指这三招剑法入了魔道，但求剑法精妙，却忘了本派“以气驭剑”的至理。岳不群与令狐冲在少林寺比试时亦曾用这三招剑法。,岳不群,华山派,笑傲江湖
泰山剑法,剑法,泰山派剑法，包含朗月无云、峻岭横空、来鹤清泉、快活三、石关回马等招数。,,泰山派,笑傲江湖
泰山十八盘,剑法,昔年泰山派名宿所创的剑法，他眼观泰山三门下十八盘处五步一转、十步一回的地势极为险峻，将地势融入剑法中，越盘越高，越行越险，这路剑招也是越转越加狠辣，泰山“十八盘”，有“缓十八、紧十八”之分，十八处盘旋较缓，另外十八处盘旋甚紧，一步高一步，所谓“后人见前人履底，前人见后人发顶”。泰山派这路剑法，纯从泰山这条陡道的地势中化出，也是忽缓忽紧，回旋曲折。,,泰山派,笑傲江湖
五大夫剑,剑法,泰山派剑法，玉磬子、玉音子的师伯祖从五大夫松悟出的一套剑法，招数古朴，内藏奇变。,,泰山派,笑傲江湖
岱宗如何,剑法,泰山派剑法中最高深的绝艺，要旨在于左手的算数，精密分析各种要素后，挺剑击出，无不中的，但泰山派已无人练就。,,泰山派,笑傲江湖
衡山五神剑,剑法,衡山五神剑为衡山派最强的剑法，共有五招，包含泉鸣芙蓉、鹤翔紫盖、石廪书声、天柱云气、雁回祝融五招。衡山七十二峰，以芙蓉、紫盖、石廪、天柱、祝融五峰最高。衡山派剑法之中，也有五路剑法，分别以这五座高峰为名。所谓衡山五神剑乃是一招包一路，在一招之中，包含了一路剑法中数十招的精要，数十招中的精奥之处，融会简化而入一招，一招之中有攻有守，威力之强，为衡山剑法之冠，是以这五招剑法，合称衡山五神剑。“天柱云气”这一招主要是从云雾中变化出来，极尽诡奇之能事，动向无定，不可捉摸。衡山五高峰中，以祝融峰最高，因此“雁回祝融”一招，在衡山五神剑中也是最为精深。当初莫大先生的师祖和师叔祖，在华山绝顶和日月神教十长老交战毙命。莫大先生的师父年纪较轻，虽练就芙蓉、紫盖、石廪、天柱、祝融五路剑法，但衡山五神剑，却只知了大概。所以莫大先生也未得师父传授指点，在嵩山比剑时一度被重现五神剑的岳灵珊惊吓到。,,衡山派,笑傲江湖
回风落雁剑,剑法,回风落雁剑为衡山派剑招之一，共有三十六路，其中第十七招为“一剑落九雁”。,,衡山派,笑傲江湖
百变千幻衡山云雾十三式,奇门,百变千幻衡山云雾十三式为衡山派三大绝技之一，是由衡山派一位昔日卖艺为生的高手所创，那高手把变戏法的本领渗入了武功。百变千幻衡山云雾十三式变化古怪，五花八门，层出不穷。刘正风和莫大先生先后利用这招击倒费彬。,刘正风、莫大先生,衡山派,笑傲江湖
恒山剑法,剑法,恒山派的剑法，是一种破绽极少的剑法，守御之严仅逊武当派太极剑法，偶尔忽出攻招，另有奥妙。,,恒山派,笑傲江湖
万花剑法,剑法,恒山派的剑法，定静师太曾用来对付敌人，将十多枚暗器尽数击落。,定静师太,恒山派,笑傲江湖
七星剑法,剑法,第一版中恒山派的剑法。,,恒山派,笑傲江湖
天长掌法,掌法,为恒山派掌法之一。,,恒山派,笑傲江湖
松风剑法,剑法,青城派闻名武林的一门剑法，刚劲轻灵兼而有之，被称誉为如松之劲、如风之轻。,,青城派,笑傲江湖
摧心掌,掌法,摧心掌是青城派中的一门十分残酷和厉害的掌法。青城派掌门余沧海为了为自己的儿子报仇，使用这掌法杀了福威镖局大量镖师。中掌的人死后会没有伤痕，全身冰冷，不会流血，心脏却会被震得碎裂。,余沧海,青城派,笑傲江湖
无影幻腿,腿法,青城派的腿法招式。,,青城派,笑傲江湖
一字电剑,剑法,丁坚所用的剑法，剑招隐含慑人威势，使敌手未战先怯，但和令狐冲交手时，却被他用独孤九剑轻易打败。,丁坚,,笑傲江湖
泼墨披麻剑法,剑法,丹青生的剑法绝技，最登峰造极的一招，是将数十招剑法合而为一，每一招均有变化，繁复无比。,丹青生,,笑傲江湖
石鼓打穴笔法,点穴,秃笔翁修练多年的判官笔法，但他因喜好书法，把兴趣化入武功，威力降低不少。,秃笔翁,,笑傲江湖
寒冰掌,掌法,纯阴功夫，据向问天所言，具有凝水成冰的功效。,,,笑傲江湖
阴风爪,爪法,纯阴功夫，据向问天所言，具有凝水成冰的功效。,,,笑傲江湖
玄天指,指法,黑白子凝水成冰的指力。,黑白子,,笑傲江湖
黑风指,指法,失传多年的武林绝技，有凝水成冰之效，和玄天指形似而神非，威力较为霸道。,,,笑傲江湖
七弦无形剑,奇门,黄钟公苦练多年的绝招，招名有剑却非剑，他在琴音中灌注上乘内力，不仅可乱敌人心神，对方内力和琴音共鸣，不知不觉间为琴音所制，最高境界“六丁开山”，六下琴音连续狠打猛击，威力无畴。,黄钟公,,笑傲江湖
虎爪擒拿手,擒拿,黄钟公替令狐冲把脉时为防有变而暗中预备的擒拿手法。,黄钟公,,笑傲江湖
龙爪功,爪法,黄钟公替令狐冲把脉时为防有变而暗中预备的擒拿手法。,黄钟公,,笑傲江湖
小十八拿,擒拿,黄钟公替令狐冲把脉时为防有变而暗中预备的擒拿手法。,黄钟公,,笑傲江湖
辟邪剑法,剑法,主条目: 辟邪剑法。辟邪剑法与《葵花宝典》的修行方法一样，练辟邪剑法者必先自宫。剑法的厉害在于一个“快”字，令人看不出破绽。,,,笑傲江湖
翻天掌,掌法,福威镖局林家的家传掌法。在笑傲江湖第一回，林平之(林震南之子)曾在小酒店使过一次，是为了教训调戏岳灵珊(岳不群之女)的余人彦(余沧海之子)。林平之用翻天掌巧妙地打了余人彦几掌后，因经验尚浅，被余人彦反击制住，之后林平之才以小刀袭杀了余人彦。,林平之,福威镖局,笑傲江湖
磁峰千斤力,奇门,第一版中木高峰所擅长的武功。,木高峰,,笑傲江湖
百鸟朝凤,暗器,第一版中日月神教的武学，能一招之间，以暗器或毒砂同时杀伤十人八人，招数毒辣，实是难以闪避。,,日月神教,笑傲江湖
急风骤雨掌,掌法,在第一版中，任我行跟左冷禅交手时所使的掌法，招式狂砍狠劈，威猛无俦。,任我行,日月神教,笑傲江湖
七煞掌,掌法,在第一版中，任我行跟向问天震死少林僧人的掌法。,任我行、向问天,日月神教,笑傲江湖
八卦剑阵,阵法,在第一版中，武当派的剑阵。,,武当派,笑傲江湖
武当两仪剑法,剑法,武当派绝技，一阴一阳，一刚一柔，但剑分阴阳，未能混一，五十余年前，武当派有两位道长，在这路两仪剑法上花了数十年心血，自觉剑法中有阴有阳，亦刚亦柔，却仍败给令狐冲。,,武当派,笑傲江湖
太极剑法,剑法,剑上孕有一股绵劲，以圆为形，出招时无数大圈小圈，正圈斜圈，闪烁不已。光圈一个未消，另一个再生，长剑虽使得极快，却听不到丝毫金刃劈风之声，足见剑劲之柔韧已达于化境。若剑法纯采守势，完全绝无破绽。可是这座剑锋所组成的堡垒却能移动，千百个光圈犹如浪潮一般，缓缓涌来。以数十招剑法混成的守势，同时化为攻势。令狐冲一度无法抵御，只得退步相避。最后令狐冲悟出敌人招数中之最强处，竟然便是最弱处，最强处都能击破，其余自是迎刃而解，这才破解太极剑法。这个武功也是少数非虚构的武学，在现实生活里面确实有这套武功。,,武当派,笑傲江湖
屁股向后平沙落雁式,奇门,这被令狐冲用来嘲笑罗人杰被踢飞时的姿势。,令狐冲,,笑傲江湖
五行拳,拳法,铁臂罗汉罗信的绝招，一招甫发，次招又到，一刻也不容缓，金、木、水、火、土五行相生相克，连续不绝。,罗信,,书剑恩仇录
沾衣十八跌,奇门,内家拳术之一，“千跌张”传下的秘术，陆菲青曾用来对付罗信，其招式乃借势用劲之法，功力深的，敌人只要一沾衣服，就会直跌出去。,陆菲青,,书剑恩仇录
铁琵琶手,掌法,洛阳韩家的绝技，关东六魔排三的焦文期曾习得，兼有铁沙掌和鹰爪功两家之长。韩家铁琵琶手至韩五娘而达大成，除掌法外，兵器用的是一只精铁打成的琵琶。这琵琶两边锋利，攻时如板斧，守时作盾牌，琵琶之腹中空，藏有十二枚琵琶钉，一物三用十分厉害。,焦文期,洛阳韩家,书剑恩仇录
吴钩剑,剑法,玉判官贝人龙的趁手兵器，吴钩剑名虽是剑，实是双钩，不过钩头上多了一个剑尖，除了钩法中的勾、拉、锁、带之外，还夹着双剑的路子。双钩不属十八般武器之内，极为阴狠难练，初学时稍有疏虞，不是被月牙护手所伤，便是拗劲掣肘，发不出招，但练成了之后，威力甚大。,贝人龙,,书剑恩仇录
柔云剑法,剑法,武当派上乘剑法，一招之后，不论对方如何招架退避，第二招顺势跟着就来，如柔丝不断，春云绵绵。,,武当派,书剑恩仇录
金刚伏虎刀法,刀法,陈家洛跟张召重交手时施展的刀法。,陈家洛,,书剑恩仇录
芙蓉金针,暗器,武当派的暗器招式，以金针发出。,,武当派,书剑恩仇录
点穴手,点穴,武当派独门点穴功夫。,,武当派,书剑恩仇录
大摔碑手,掌法,武当派掌法，陆菲青曾用来对付贝人龙。,陆菲青,武当派,书剑恩仇录
三十二势武当长拳,拳法,武当派入门功夫，可培力练拳。,,武当派,书剑恩仇录
十段锦,拳法,武当派入门功夫，可培力练拳。,,武当派,书剑恩仇录
无极玄功拳,拳法,武当一派的上乘拳掌招式。,,武当派,书剑恩仇录
甩手箭,暗器,武当暗器套路之一。,,武当派,书剑恩仇录
六合枪,枪法,参将曾图南的枪法。,曾图南,,书剑恩仇录
齐眉棍法,棍法,总兵成璜与余鱼同交手时施展的棍法。,成璜,,书剑恩仇录
黑沙掌,掌法,青城派慧侣道长传给徒弟常赫志、常伯志的武功，在慧侣道长死后，江湖上黑沙掌的功夫已没人在常氏兄弟之上。,常赫志、常伯志,青城派,书剑恩仇录
八卦掌,掌法,威镇河朔王维扬成名武林的绝技，分游身八卦掌及最厉害之内八卦掌及独门绝学八阵八卦掌。此为真实存在的武功，为内家功法之一，与八卦拳同是。,王维扬,,书剑恩仇录
八卦刀,刀法,威镇河朔王维扬成名武林的绝技，曾传给两个儿子王剑英、王剑杰跟商剑鸣等弟子，商剑鸣之妻商老太跟儿子商宝震也获传承，含有大架、小架、内架、外架诸项变形。起手第一招为“上势左手抱刀”，包含回身劈山刀、上步劈山等招式。,王维扬,,书剑恩仇录
大力鹰爪功,爪法,嵩阳派武学，金爪铁钩白振以此驰名江湖。,白振,嵩阳派,书剑恩仇录
醉拳,拳法,福建少林拳法，虽只一十六路，但下盘若虚而稳，拳招似懈实精，翻滚跌扑，顾盼生姿，监寺大苦大师曾用来跟陈家洛交手。此为真实存在的武功，但口诀已不详。,大苦大师,福建少林,书剑恩仇录
疯魔杖法,仗法,福建少林武学，猛如疯虎，骤若天魔，杖法脱胎于少林寺紧罗那王所传的一百单八路棍法，又摘取大小“夜叉棍”、“取经棍法”等精华，招招狠极猛极，犹如发疯着魔。戒持院首座大癫大师曾用来跟陈家洛交手。,大癫大师,福建少林,书剑恩仇录
五行连环拳,拳法,少林拳术，一施开崩、钻、劈、炮、横五趟拳术，威力颇为惊人。,,少林寺,书剑恩仇录
游身八卦掌,掌法,陈家洛用来和周仲英交手的拳法之一。,陈家洛,,书剑恩仇录
武当长拳,拳法,陈家洛用来和周仲英交手的拳法之一。,陈家洛,武当派,书剑恩仇录
查拳,拳法,陈家洛和周仲英交手的拳法之一。,陈家洛,,书剑恩仇录
绵掌,掌法,陈家洛和周仲英交手的拳法之一。,陈家洛,,书剑恩仇录
三十六路大擒拿手,擒拿,陈家洛用来和周仲英交手的拳法之一。,陈家洛,,书剑恩仇录
分筋错骨手,擒拿,陈家洛用来和周仲英交手的拳法之一。,陈家洛,,书剑恩仇录
岳家散手,拳法,陈家洛用来和周仲英交手的拳法之一。,陈家洛,,书剑恩仇录
百花错拳,拳法,天池怪侠袁士霄所创的独门拳术，他或明或暗将各家拳术几乎学了个全，隐居天池后融通百家，别走蹊径，创出了这路拳法，其精义不但无所不包，其妙处尤在于一个“错”字，每一招均和各派祖传正宗手法相似而实非，一出手对方以为定是某招，举手迎敌之际，才知打来的方位手法完全不同，其精微要旨在于“似是而非，出其不意”八字。旁人只道拳脚全打错了，岂知正因为全部打错，对方才防不胜防。,袁士霄,,书剑恩仇录
连环迷踪腿,腿法,无尘道人因失了一条手臂，因此腿上功夫练得出神入化，以补手臂不足。,无尘道人,,书剑恩仇录
回龙璧,暗器,赵半山参照南洋猎户的“飞去来器”所制的暗器，经过无数次试制习练，制成一种曲尺形精钢弯镖。,赵半山,,书剑恩仇录
飞燕银梭,暗器,赵半山独创暗器，燕尾跌落，梭中弹簧机括弹动燕头，银梭突在空中转弯，向上激射，令人防不胜防。,赵半山,,书剑恩仇录
玄玄刀法,刀法,太极门中的刀法，赵半山曾传给石双英。,赵半山,太极门,书剑恩仇录
无极拳,拳法,红花会鬼见愁石双英独门武艺。,石双英,红花会,书剑恩仇录
刀中夹镖,暗器,王维扬的绝技，左手刀法与寻常刀法相反，敌人招架已然为难，再加金镖顺着刀势发出，敌人避开了镖，避不开刀，避开了刀，避不开镖，端的厉害非常。,王维扬,,书剑恩仇录
七步追魂,轻功,瑞大林的轻功身法。,瑞大林,,书剑恩仇录
八步赶蟾,轻功,瑞大林的轻功身法。,瑞大林,,书剑恩仇录
六合拳,拳法,乾隆手下太监迟玄学的武功。,迟玄,,书剑恩仇录
通臂拳,拳法,乾隆手下太监武铭夫专精的武功。,武铭夫,,书剑恩仇录
庖丁解牛功,奇门,陈家洛在迷宫中借由庄子所悟出的武学，与维吾儿族一派武学渊源极深；需配合音乐施展。,陈家洛,,书剑恩仇录
追魂夺命剑,剑法,无尘道长的成名剑法，包含大五鬼剑法等套路。,无尘道长,,书剑恩仇录
僵尸拳,拳法,言家拳中的一路奇门武功，混合了辰州祝由科的慑心术而成，两臂直上直下的乱打，膝头虽不弯曲，纵跳却极灵便。,,言家拳,书剑恩仇录
三分剑术,剑法,天山派剑术的绝诣，所以叫做“三分”，乃因这路剑术中每一手都只使到三分之一为止，敌人刚要招架，剑法已变。一招之中蕴涵三招，最为繁复狠辣。这路剑术并无守势，全是进攻杀着，要旨在以快打慢，以变扰敌。,,天山派,书剑恩仇录
霹雳掌,掌法,文泰来成名武功，每一拳掌之出都是猛喝一声，或先呼喝而掌随至，或拳先出而声后发，或拳声齐作，或有声无拳，喝声和掌法拳招搓揉一起，身法愈快，喝声愈响，神威逼人。,文泰来,,书剑恩仇录
瞬息千里,轻功,西毒欧阳锋的轻功身法。,欧阳锋,白驼山庄,书剑恩仇录
破金锤,奇门,武当派双锤功夫，一共二十四路。,,武当派,书剑恩仇录
子母铁胆,暗器,周仲英的成名武功，后传给女婿徐天宏。,周仲英,,书剑恩仇录
大洪7拳,拳法,袁士霄跟张召重谈论武功时提到的招式。,,,书剑恩仇录
玄铁剑法,剑法,剑魔独孤求败所用之剑法，后藉神雕引导而传至杨过手上，是杨过成名的主要武学。由于非由文字记载，因此此剑法由谁所创、属何门派、招式如何划分、甚至剑法的正式名称皆已失传，玄鐡剑法之名纯粹取之于独孤求败壮年时所用之玄鐡重剑而来。此剑法招式简朴，并无繁复变化，厉害处全在于使剑者所发之内力，初练时需以玄鐡重剑配合使用，威力方显。待至内力日深，所用之剑便可渐轻，渐渐能使木剑如宝剑，进而草木竹石，俱成利刃，最终达至无剑胜有剑之境。,杨过,,神雕侠侣
金铃索,奇门,古墓派奇门兵器，又称银索金铃，外型是一条雪白绸带，绸带末端系着一个金色圆球，圆球中空有物，绸带抖动，圆球便如铃铛作响，可摇击敌人穴道。小龙女在大胜关武林大会上与金轮法王激斗时曾使用，绸带夭矫灵动，施展时绸带飘动，金球急转，幻成一片白雾，一道黄光。小龙女按照琴音之理，将武功与音乐相合，使出来更是柔和中节，得心应手。,小龙女,古墓派,神雕侠侣
柔网势,奇门,古墓派一门的基本功法。入门第一个学习的武功。,,古墓派,神雕侠侣
夭娇空碧,奇门,古墓派一门的基本功法。入门第二个学习的武功。,,古墓派,神雕侠侣
玉女剑法,剑法,古墓派剑法，由林朝英所创，招招克制全真剑法，招式轻柔有余而威猛不足，但以上乘轻功搭配，剑法飘逸灵动，人所难防，剑法由林朝英传其丫环，再传至杨过和小龙女，才悟通玉女剑法可和全真剑法连同施展为玉女素心剑法，而李莫愁虽是小龙女的师姊，却未得师传高深剑法。玉女剑法果是全真剑法的克星，一招一式，恰好把全真剑法的招式压制得动弹不得，步步针锋相对，招招制敌机先，全真剑法不论如何腾挪变化，总是脱不了玉女剑法的笼罩。,林朝英、杨过、小龙女,古墓派,神雕侠侣
玉女素心剑法,剑法,古墓派剑法，属于《玉女心经》中最后一章的武功，需要一对爱侣分使全真剑法和玉女剑法两相配合才能发挥最大威力，杨过跟小龙女曾数度以这门剑法战胜金轮法王等强敌，在小龙女练成左右互搏后，用双剑出手，速度更加快速，就连尼摩星、尹克西跟潇湘子三人围攻都败于剑下。,杨过、小龙女,古墓派,神雕侠侣
玉女心经,内功,古墓派最上乘的武功，林朝英创来专门用来克制全真派的武功，修练时须得二人同练，互为臂助。修练的第一步是先练成古墓派本门各项武功。第二步是学全真派武功。第三步再练克制全真派武功的玉女心经。林朝英欲在内功上创制新法而胜过全真教内功，因此玉女心经别寻蹊径，自旁门左道力抢上风。但练功时全身热气蒸腾，须拣空旷无人之处，全身衣服畅开而修习，使得热气立时发散，无片刻阻滞，否则转而郁积体内，小则重病，大则丧身，练到后来二人需以内力导引防护，合二人之力方能共渡险关。玉女心经共分九段行功，单数行功是“阴进”，双数为“阳退”，修练阳退时可随意停止，但修练阴进时就必须一气呵成，中途不能微有顿挫。第三版里也强调，玉女心经修练成功后，古墓派内功渐高，学者只身轻足健，出手快捷，于常人发出一招的时刻中可连发三四招，但招力却并不相应而增。因为林朝英只想胜过王重阳而非杀他，所以心经武学只求身法快捷、招式匪夷所思。,林朝英,古墓派,神雕侠侣
天罗地网势,掌法,天罗地网势是古墓派祖师林朝英独创绝技，为古墓派的入门功夫，共八十一招，杨过曾被小龙女要求抓麻雀以修习此功，这功夫也是小龙女教授杨过的第一门武功。新修订版中，杨过初入古墓派时修习之武功改为“柔网势”，然后方修习天罗地网势。小龙女曾用天罗地网势搭配金丝手套，用十多柄剑来回抛掷施展，对付尼摩星、尹克西跟潇湘子三大高手。天罗地网势是古墓派的入门功夫，古墓派祖师林朝英独创绝技，共八十一招掌法，招数掌形从未下过终南山一步。天罗地网势不以内力沉雄见长，而以手法迅速为主，使出来绵密无比，威力不弱过手里有剑，双手能挡住九九八十一只麻雀，不让一只麻雀漏出。,杨过、小龙女,古墓派,神雕侠侣
美女拳法,拳法,古墓派最奇妙最花巧的武功，拳法每一招都是摸拟一位古代美女，杨过因是男子之身，修习时把招数略作更改，减去女子婀娜之气，杨过助陆无双对敌时，曾使过数招击退丐帮弟子，并在武林大会用来和达尔巴对敌，但最后仍是靠着九阴真经的移魂大法制胜。招式有貂蝉拜月、昭君出塞、麻姑献寿、文君当垆、天孙织锦、贵妃醉酒、弄玉吹箫、钩弋握拳、则天垂廉、红玉击鼓、红拂夜奔、绿珠坠楼、文姬归汉、红线盗盒、东施效颦、木兰弯弓、班姬赋诗、嫦娥窃药、蛮腰纤纤、萍姬针神、西施捧心、洛神凌波、曹令割鼻、古墓幽居等。其中古墓幽居一式乃是杨过所自创，说是抒写林朝英而作，实际却模拟师父小龙女的举止。貂蝉拜月——手伸到敌方身后，以掌边斩落攻敌。西施捧心——用拳攻敌心口。昭君出塞——以弹琵琶的姿势，用手指弹敌。麻姑献寿——双手合拳抬击敌方下巴。天孙织绵——右手挥左，左手送右，以掷梭织布之样攻敌。贵妃醉酒——举手作斟酒之样，用手尖攻敌头部。则天垂廉——双掌以垂廉式削落攻敌。红玉击鼓——双臂以对话模式快击。红拂夜奔——以直入式敲击攻敌。绿珠坠楼——扑地劈削，攻敌下盘。文姬归汉——以双掌连绵不断的拍出。萍姬针神——伸手指，以缝衣之样戳出。蛮腰纤纤——腰肢轻摆以避敌攻击。曹令割鼻——以手掌在自己脸前削过，格敌击面门的拳掌。古墓幽居——右手支颐，左手轻轻挥出，口中长叹一声，脸现寂寥之意，为杨过自创的一招，是模仿小龙女之招数。,杨过,古墓派,神雕侠侣
玉蜂针,暗器,古墓派的独门暗器，是一种细如毛发的金针，六成黄金、四成精钢，沾有终南山的玉蜂尾刺上毒液，虽然细小，但因黄金沉重，掷出时仍可及远。只是这暗器太过阴毒，林朝英自来极少使用，中年后武功出神入化，更加不须用此暗器。针上蜂毒，是西藏彩雪蛛的克星。小龙女的师父因李莫愁不肯立誓永居古墓以承衣钵，传了她冰魄银针后，玉蜂针的功夫就没传授。,,古墓派,神雕侠侣
冰魄银针,暗器,古墓派的独门暗器，针上剧毒威力非常，李莫愁曾凭此威震江湖。李莫愁在离师门后又自行变化出掌中夹针的阴毒招数，当对方正全神提防她的毒掌，突然在近身之处发出冰魄银针，不少武学名家便曾因此而丧生于毒针之下。,李莫愁,古墓派,神雕侠侣
玉箫剑法,剑法,黄药师一派之最高剑法，从玉箫招数演变的剑法，招式专攻穴道，曾传给杨过对付李莫愁的拂尘功夫，黄蓉、程英也从黄药师处学得这门剑招。,黄药师、杨过、黄蓉、程英,桃花岛,神雕侠侣
五行掌法,掌法,黄药师的绝技之一，掌力之中暗合五行，极为巧妙，老顽童周伯通曾听王重阳提起过。,黄药师,桃花岛,神雕侠侣
赤练神掌,掌法,赤练神掌，又名五毒神掌。是李莫愁从《五毒秘传》中去领悟出来而创的武功，含有剧毒，中人时伤口呈血红之色有三条朱砂般的指印，死时剧痛奇痒。,李莫愁,古墓派,神雕侠侣
三无三不手,奇门,三无三不手全称为“无孔不入”“无所不至”“无所不为”，是李莫愁的绝学之一。“无孔不入”乃是向敌人周身百骸进攻，点他全身各处大穴；“无所不至”点的是敌人周身诸处偏门穴道；“无所不为”不再点穴，专打眼睛、咽喉、小腹、下阴等人身诸般柔软之处，三无三不、阴狠毒辣。,李莫愁,古墓派,神雕侠侣
虎门手,奇门,鹿清笃于全真教小比之中施展的武功。,鹿清笃,全真教,神雕侠侣
北斗大阵,阵法,全真教道人每七人一组，布成了十四个天罡北斗阵。每七个北斗阵又布成一个大北斗阵，形成两个北大斗阵。自天枢以至摇光，声势非同小可。两个大北斗阵一正一奇，相生相克，互为犄角，十四个北斗阵，也就有十四个北极星位，若敌人没法同时占住十四个要位，定有莫大凶险。郭靖认为这比王重阳祖师所传阵法又深了一层。,,全真教,神雕侠侣
七星聚会,阵法,全真五子见到古墓派玉女心经招招克制本门功夫，丘处机倡议用劲力补全招数之不足，用一个多月的时间创出，乃从天罡北斗阵法中衍生，虽名七星聚会，却不似北斗阵非要七人一同施展，六人、五人，甚至四人、三人都可并力施发出，每招使出都可将数人劲力集于一点。,全真五子,全真教,神雕侠侣
一阳书指,指法,朱子柳以一阳指为基础，并将书法化入衍生的武功，文中有武、武中有文，朱子柳以一杆笔接连使出房玄龄碑、自言帖、石鼓文对付霍都，一度大占上风，但仍遭他暗算落败。,朱子柳,大理段氏,神雕侠侣
千里传音,内功,一灯大师将声音传入黑龙潭和瑛姑交谈的上乘内功，虽名为千里过为夸大，若中间并无阻隔，功夫高深之人可以音送数里，而且听来如同人在身侧，越是内功深湛，传音越是柔和。,一灯大师,,神雕侠侣
狂风迅雷功,奇门,霍都的压箱绝技，在跟朱子柳交手时，金轮法王见他落于下风以藏语提醒，要霍都使用这门功夫反守为攻。狂风迅雷功劲力沉雄，出招时口中也会吐出霹雳般吆喝助威，但犹逊于朱子柳一筹。,霍都,,神雕侠侣
无上大力杵法,仗法,达尔巴的武功，招式无甚变化，仅是双手握杵横挥八招加上直击八招，凭着天生神力将十六招反复使出，招意带有三分癫狂。,达尔巴,,神雕侠侣
五轮大转,奇门,金轮法王为应付玉女素心剑法，另行演变的招式，使用金银铜铁铅五轮施展，其中双轮在手，三轮飞转攻敌，由于五轮轻重、形状不一，运转开来令人难以捉摸，可是在对上杨过跟小龙女联手的玉女素心剑法时仍无法取胜，甚至被夺走一轮；而且还被郭靖的降龙十八掌击退，使金轮法王颇为气馁。,金轮法王,,神雕侠侣
大摔碑手,掌法,金轮法王曾经用来袭击杨过的掌力。,金轮法王,,神雕侠侣
瑜伽密乘,内功,在第三版中金轮法王传授给郭襄的上乘密宗内功心法，由报身佛金刚萨埵所说的瑜伽密乘先修成后，再修法身佛普贤菩萨所说的大瑜伽密乘、无比瑜伽密乘，一直到最后的无上瑜伽密乘，威力极强，殊不下于中原佛道两家内功心法。,金轮法王、郭襄,密宗,神雕侠侣
推经转脉、易宫换穴,内功,金刚宗极深奥艰难的内功，奇妙处比之欧阳锋逆转全身经脉虽然颇为不及，却也是一宗甚难修练的怪异神功。,,金刚宗,神雕侠侣
龙象般若功,内功,金轮法王最强的武功，共分十三层，每进一层便多一龙一象之力，龙象般若功修练不易，因而尽管密宗一门，高僧奇士历代辈出，但却没有人练到超过第十层。直到金轮法王为雪败给杨过、小龙女之耻时，回到蒙古后竟尔冲破第九层难关，达到第十层的境界，连出家后法名慈恩的铁掌水上飘裘千仞亦不敌败亡。龙象般若功载于龙象般若经上，与另一路神功霹雳雷霆大法，同属密宗红教里至高无上的护法神功，共分十三层，第一层功夫十分浅易，纵是下愚之人，只要得到传授，一二年中即能练成。第二层比第一层加深一倍，需用三四年时间。第三层又比第二层加深一倍时间。如此成倍递增，越是往后精进，越是困难。待到第五层以后，每要再练深一层，往往需要耗费三十年以上的苦功。由于龙象般若功修练不易，因而尽管密宗红教一门，高僧奇士历代辈出，但却没有人练到超过第十层，北宋年间曾有一名藏边高僧练至第九层，继续勇猛精进第十层，却因心魔骤起，无法自制，狂舞七日七夜，自终绝脉而死。直到金轮法王为雪败给杨过、小龙女之耻时，回到蒙古后竟尔冲破第九层难关，达到第十层的境界。后来在攻打襄阳城时，金轮法王也在火烧郭襄的高塔上凭借此功力斗杨过的黯然销魂掌，终于不敌被打落高台，遭周伯通压在火柱之下毙命。在世纪新修版的《神雕侠侣》中，基于郭襄确实拜了金轮国师为师，龙象般若功似乎也由金轮国师传授给郭襄，故后世峨嵋一派武功，实际上或多或少乃属于密宗之佛门一派武学！而在高台之战里，金轮国师最后在郭襄遇险时也舍命使用龙象般若功最高功力击爆火柱，力竭身亡。,金轮法王,密宗,神雕侠侣
黯然销魂掌,掌法,杨过在小龙女于绝情谷失踪后，心中思念小龙女，渐渐形销骨立。一日在海边悄立良久，百无聊赖之中随意拳打脚踢，轻轻一掌便将岩石打得粉碎。他由此深思，创出一套完整的掌法，出手与寻常武功大异，厉害之处，全在内力。他将这套掌法定名为“黯然销魂掌”，取的是江淹别赋中那一句“黯然销魂者，唯别而已矣”之意。共有十七招，曾令周伯通大为赞叹，称为近年来最强的武功，威力足与丐帮神功降龙十八掌比媲。十七招分别为：徘徊空谷、力不从心、六神无主(六神不安)、拖泥带水、废寝忘食、庸人自扰、呆若木鸡、想入非非、面无人色、孤只形影、倒行逆施、行尸走肉、饮恨吞声、穷途末路、杞人忧天、无中生有、惊心肉跳，杨过曾靠着本掌法打赢金轮国师。,杨过,,神雕侠侣
阴阳倒乱刃法,奇门,公孙止家传武艺，以独特的锯齿金刀跟黑剑，两手同使刀法剑术，剑使刀招、刀运剑法，招式十分奇异，经裘千尺补全后，威力更胜一筹，乃武林中罕见的绝技，和杨过交手时颇占上风。后来再次和杨过、小龙女交手时，招式缺陷让裘千尺点破，几近败给杨过。,公孙止,绝情谷,神雕侠侣
闭穴功夫,内功,公孙止家传武艺，可以封闭穴道使敌人无法有效攻击，但饮食不能沾得半点荤腥，所以裘千尺曾说过这门功夫难练易破，不练也罢。在杨过与公孙止二度交手时，裘千尺用计以自身鲜血滴入茶中骗得公孙止喝下，破去他苦练多年的闭穴功夫，因此公孙止败给杨过。,公孙止,绝情谷,神雕侠侣
四言剑法,剑法,杨过在和公孙止比武时自创的一门武功，颇具威力。以诗经为招名，风雅之至。,杨过,,神雕侠侣
大伏魔拳法,拳法,九阴真经上的刚阳拳法，周伯通曾用左右互搏，将这套拳法和空明拳一同使出，试探杨过的武功进境。,周伯通,,神雕侠侣
泼水杖法,仗法,绝情谷大弟子樊一翁自创的杖法，招式共有八十一路，招名取叫“泼水”，是泼水不进之意，套路严谨防备。樊一翁曾以这门杖法与杨过相斗，却仍不敌他的打狗棒法。,樊一翁,绝情谷,神雕侠侣
释迦掷象功,奇门,尼摩星练就的天竺外门奇功，典出佛经里释迦牟尼掷象撞地成深沟的寓言，此功能以巨力掷物，所掷巨物经由一次次加力，去势愈发猛烈。尼摩星和金轮法王单挑时，利用一颗大石砸得他措手不及，经忽必烈调解方罢斗。,尼摩星,,神雕侠侣
寿木长生功,内功,潇湘子所练的武功，乃祝由科一派旁门异术，仅出现在第一版，在潇湘子初次登场时曾使出和尼摩星切磋。,潇湘子,,神雕侠侣
黄沙万里鞭法,鞭法,尹克西以金龙鞭使出的鞭法，曾用于困斗小龙女。,尹克西,,神雕侠侣
毒砂掌,掌法,潇湘子和尹克西陪同上酒楼的蒙古武士所练之绝技。,潇湘子、尹克西,,神雕侠侣
铁掌擒拿手,擒拿,完颜萍跟铁掌帮旧部练就的一套擒拿手法，以铁掌功为基础，包含枯藤缠树等招式。,完颜萍,铁掌帮,神雕侠侣
寒阴箭,掌法,瑛姑耗费二十多年苦练的掌力，能一掌连碎十七块青砖，而每块青砖的砖屑决不四散飞扬，阴狠强劲，兼而有之，虽一度击中杨过，却没法伤到他。,瑛姑,,神雕侠侣
风雷掌法,掌法,苗人蓝天和幼时在青城山采药摔落山崖后，巧获奇人传授的外门武功，掌法刚猛险狠，掌力隐含风雷威势，和耶律齐争夺丐帮帮主时一度斗个旗鼓相当，但最终仍败给耶律齐。据其师交代，这风雷掌法一旦被内家高手的内劲侵入丹田，纵非当场毙命，一身功夫也难以保全。,蓝天和,,神雕侠侣
上天梯,轻功,当世会者极少的轻功身法，全凭一口气提起身子，若是中途打岔便会中断。郭靖在蒙古军攻城时由混战中上跃回城时曾施展过，常人每一步也只上升得二三尺而已，但郭靖曾得马钰授予金雁功，一步便能跃上丈许，乃天下一等一绝世轻功。,郭靖,,神雕侠侣
江南陆家刀法,刀法,陆家庄的家传功夫，陆展元、陆立鼎两人皆有练就。,陆展元、陆立鼎,陆家庄,神雕侠侣
太玄经,内功,以李白《侠客行》一诗演变的高明武学，收藏在无名荒岛上，让多名武林高手都无法解析，尤其刻在诗句旁的蝌蚪文注解，每一句都在引人入歧途，直到不识字的石破天上岛，才明白蝌蚪文跟图样实是经脉运气路线图，因而练成太玄神功，其中第五句“十步杀一人”，第十句“脱剑膝前横”，第十七句“救赵挥金锤”，都是一套剑法。第六句“千里不留行”，第七句“事了拂衣去”，第八句“深藏身与名”，每句都是一套轻功；第九句“闲过信陵饮”，第十四句“五岳倒为轻”，第十六句“纵死侠骨香”，则各是一套拳掌功夫。第十三句“三杯吐言诺”，第十八句“意气素霓生”，第二十句“烜赫大梁城”，都是吐纳呼吸的内功口诀。,石破天,,侠客行
雪山剑法,剑法,雪山派镇派剑术，因为雪山派祖师生性爱梅，七十二路剑法中夹杂梅花、梅萼、梅枝、梅干的形态，古朴飘逸，兼而有之。和金乌刀法配合，可使威力大增。,,雪山派,侠客行
金乌刀法,刀法,白自在妻室史小翠针对雪山剑法所创的刀式，刀法需有极强的内力配合，要旨在于厚实狠辣，招招克制雪山剑法，但也能补全其缺陷，若能刀剑齐使，威力大大增强。由于力求强胜过雪山剑法，金乌刀法总共有七十三招，硬是多了雪山剑法一招。,史小翠,雪山派,侠客行
无妄神功,内功,史小翠和白阿绣修练的内功。,史小翠、白阿绣,雪山派,侠客行
神倒鬼跌三连环,擒拿,白自在的得意绝技，一揪、一抓、一绊，接连三招，曾胜过许多高手。,白自在,雪山派,侠客行
控鹤功,奇门,谢烟客压箱绝技，曾凭此功小胜大悲老人一招。,谢烟客,,侠客行
碧针清掌,掌法,谢烟客的掌法，威力惊人，曾震慑长乐帮多名高手。,谢烟客,,侠客行
上清快剑,剑法,上清观一派以速度见长的剑法。,,上清观,侠客行
罗汉伏魔神功,内功,少林寺高僧所创的武学，集佛家内功之大成，十分深奥精微，需摄心归元，摒绝一切杂念才得以入门修习，创招者把经脉路线绘在十八的木罗汉上，外敷泥粉再绘上少林入门内功，传至大悲老人手里前曾流转过十一名高手所有，直到石破天误打误撞毁去泥偶并练成此功，才使这门武功重见天日。,石破天,少林寺,侠客行
劈卦刀,刀法,金刀寨大寨主安奉日的绝技之一，刀法一共七十二路，招中藏套，套中含式，变化多端，最后的收刀势为一招“南海礼佛”，与石清交手时，却败在其手。,安奉日,金刀寨,侠客行
青龙刀,刀法,金刀寨大寨主安奉日的绝技之一，但与石清交手时却未使出。,安奉日,金刀寨,侠客行
拦路断门刀,刀法,金刀寨大寨主安奉日的绝技之一，但与石清交手时却未使出。,安奉日,金刀寨,侠客行
黑煞掌,掌法,六合丁氏家传武艺之一，掌力阴毒，击中人身后会留下乌黑掌印，丁珰和石破天试招时曾打在他脸上。,丁珰,六合丁氏,侠客行
丁家擒拿手,擒拿,六合丁氏家传武艺之一，共十八式，变化却十分繁复。,,六合丁氏,侠客行
金龙鞭法,鞭法,丁不四的九节鞭功夫。,丁不四,六合丁氏,侠客行
五行六合掌,掌法,长乐帮军师贝海石成名武林的绝技。,贝海石,长乐帮,侠客行
铁砂掌,掌法,长乐帮香主展飞的绝技，已有二十余年深厚功力。,展飞,长乐帮,侠客行
梅花拳,拳法,梅文馨跟梅芳姑母女的家传武艺。,梅文馨、梅芳姑,,侠客行
双短叉,奇门,山西伏虎门的武功，当世只剩铁叉会总舵主尤得胜会使。,尤得胜,山西伏虎门,侠客行
泼妇剑法,剑法,梅文馨的新奇剑法，一招—式克制金龙鞭法，丁氏拳脚，剑法招招十分刁钻古怪，阴毒狠辣，撩阴挑腹、剜目戳臀，无所不至。,梅文馨,,侠客行
九阳真经,内功,斗酒神僧与王重阳赌酒后观看“九阴真经”，认为其过于阴柔，于是投身少林，结合其一生为儒为道再为僧的武功绝学与人生经验而写成儒释道三教合一的内功心法。原文张无忌认为其应该称为“阴阳互济经”，称为“九阳真经”是斗酒神僧对“九阴真经”的理念矫枉过正。(以上为新世纪修改版所新增之桥段，主角张无忌获得《九阳真经》后，真经后附录了一段作者斗酒神僧写《九阳真经》的来历)书成之后，“九阳真经”藏于少林寺藏经阁的梵文《楞伽经》中，因杨过、郭靖向尹克西及潇湘子追回秘笈而使觉远、张三丰师徒知晓世间有这门绝学。觉远圆寂前曾口诉通篇九阳真经，因缘际会为少林无色禅师、郭襄和张三丰各自记下一部分，成为少林、峨嵋、武当三派九阳功，但都不甚周全。至于尹克西及潇湘子所盗的九阳真经原本则藏在白猿体内辗转为张无忌所获，并练至大成。往后张无忌常靠九阳神功克敌致胜，而且九阳真气浑厚无比，让张无忌可以轻易运使乾坤大挪移跟七伤拳等绝技。,张无忌、觉远、张三丰,少林寺,倚天屠龙记
少林九阳功,内功,在觉远大师死前口述九阳真经全文时，在旁的无色禅师听见的部分内容后，进而衍生的内功心法，得“九阳真经”之“高”。在第一版中设定，因少林九阳功并非少林寺本身的武学，仅有空见跟成昆化名的圆真练就。成昆曾以此功反弹金毛狮王谢逊攻击他的七伤拳。,空见、成昆,少林寺,倚天屠龙记
峨嵋九阳功,内功,在觉远大师死前口述九阳真经全文时，在旁的郭襄听见的部分内容后，进而衍生的内功心法，得“九阳真经”之“博”。,郭襄,峨嵋派,倚天屠龙记
武当九阳功,内功,张三丰获觉远大师传授的部分九阳神功心法，但残缺不全仅有三、四成的内容，得“九阳真经”之“纯”。这门功夫变化繁复，初步功夫是练大周天搬运，使一股真气从丹田向镇锁任、督、冲三脉的尾闾关，然后分两支上行，经腰脊第十四椎两旁的辘轳关，上行经背、肩、颈至玉枕，然后真气入头顶的百会穴，分五路上行，与全身气脉大会于膻中穴，再分主从两支会合于丹田，如此循环一周，练出氤氲紫气。张三丰曾经传授给身中玄冥神掌的张无忌，以期他凭借此功怯除寒毒，可惜成效十分有限。,张三丰、张无忌,武当派,倚天屠龙记
落英剑法,剑法,黄药师从落英神剑掌另行演变的剑术，虽不若玉箫剑法精妙，也是桃花岛的一绝，郭襄曾用来和无色禅师试招，让他猜测自己师承。,郭襄,桃花岛,倚天屠龙记
纯阳无极功,内功,张三丰由武当九阳功再行研创的道家内功心法，论威力不下于“九阳真经”。张三丰曾传予七名徒儿，并在张无忌身受玄冥神掌后替他吸收寒毒。,张三丰,武当派,倚天屠龙记
倚天屠龙功,奇门,张三丰感伤徒儿俞岱岩被大力金刚指损去四肢，苦思“武林至尊、宝刀屠龙。号令天下，莫敢不从。倚天不出，谁与争锋”二十四字时创出的武功，但在七名徒儿中仅有熟练书法且正巧看到张三丰练拳的张翠山习得。虽然倚天屠龙功中有各两个“不”字，两个“天”字，但两字写来形同而意不同，招式变化迥异，张翠山在习得倚天屠龙功后，也用了大半天思索融会，把这二十四字练到烂熟于心，不但能空手施展，也可用判官笔、银钩当兵刃使出。张翠山曾凭这套武功轻取龙门镖局三个镖师、少林派的圆音跟圆业等四名师兄弟，并用这幅字逼得谢逊认输，保住自己跟殷素素的性命。后来张翠山携妻子殷素素、儿子张无忌从冰火岛回到中原时，在往武当山路上力斗高丽青龙派第二代掌门泉建男，即用判官笔展开倚天屠龙功把他击败。可惜这路绝学随张翠山自刎后淹没，张三丰也没再传给其他弟子。,张三丰、张翠山,武当派,倚天屠龙记
太极功,内功,张三丰百岁时所创的内家心法，不输达摩东传武学，虽在新修版无具体描述，但在初版金老有明确提出太极功的精义:张三丰近数年来闭关潜修，所创的“太极功”与任何武学中的内功均是截然相反，讲究以柔克刚、以静制动、以简御繁、以逸待劳、以小敌大、以弱胜强，其中“借力打力”四字，尤为精义之所在。,张三丰,武当派,倚天屠龙记
太极拳,拳法,张三丰多年闭关后参悟的武功，不输达摩东传武学，讲究以柔克刚、以静制动、后发制人。是以慢打快、以静制动的上乘武学，每一招都含着太极式的阴阳变化，精微奥妙，实是开辟了武学中从所未有的新天地，共有揽雀尾、单鞭、提手上势、白鹤亮翅、搂膝勾步、手挥琵琶、进步搬拦锤、如封似闭、十字手、抱虎归山等招式。这套拳术的诀窍是‘虚灵顶劲、涵胸拔背、松腰垂臀、沉肩坠肘’十六个字，纯以意行，最忌用力。形神合一，是这路拳法的要旨，拳劲首要在似松非松，将展未展，劲断意不断。这个武功也是少数非虚构的武学，在现实生活里面确实有这套武功。,张三丰,武当派,倚天屠龙记
太极剑法,剑法,张三丰多年闭关后参悟的武学，在赵敏带人欺上武当派时，当场教导张无忌对付阿大，后来也教给武当五侠。临敌时以意驭剑，千变万化，无穷无尽。剑法的每一招均是以弧形刺出，以弧形收回，太极剑法只是大大小小、正反斜直各种各样的圆圈，要说招数，可说只有一招，然而这一招却永是应付不穷。这个武功也是少数非虚构的武学，在现实生活里面确实有这套武功。,张三丰、张无忌,武当派,倚天屠龙记
武当长拳,拳法,武当派的入门功夫，拳招说不上有何奥妙之处。但武当派武功在武学中别开蹊径，讲究以柔克刚，以弱胜强，不在以己劲伤敌，而是将敌人发来的劲力反激回去，敌人击来一斤的力道，反激回去也是一斤，若是打来百斤，便有百斤之力激回，便如以拳击墙，出拳愈重，自身所受也愈益厉害，张无忌幼时曾获父亲张翠山传授。,张翠山,武当派,倚天屠龙记
玄虚刀法,刀法,张三丰所创的武当绝技，俞岱岩用这门刀法斩杀过一名大盗。,俞岱岩,武当派,倚天屠龙记
虎爪手,爪法,张三丰所创的武当绝技，是一门极为厉害的擒拿手。,,武当派,倚天屠龙记
虎爪绝户手,爪法,张三丰次徒俞莲舟学会虎爪手后，苦心孤诣从中自创十二路新招，却是招招拿人腰眼，能使对手损阴绝嗣，因此被张三丰命名为虎爪绝户手，让其他徒弟学得，但警戒所有徒弟非到生死关头，不能使用这门阴狠武功。,俞莲舟,武当派,倚天屠龙记
神门十三剑,剑法,张三丰思索数年，直到张翠山流落冰火岛后才创出的剑法，共有十三路，每招所刺之处，全是敌人手腕的神门穴，逼得对手不得不弃下兵刃，殷梨亭曾用神门十三剑助张翠山打退三江帮。,殷梨亭,武当派,倚天屠龙记
绕指柔剑,剑法,张三丰自创的七十二路剑法，莫声谷和殷天正交手时，曾用这门剑法先小胜殷天正一招，使殷天正对张三丰所创武学大感佩服。绕指柔剑使出时，以浑厚内力逼弯剑刃，剑招变幻无常，令敌人无从挡架。,莫声谷,武当派,倚天屠龙记
梯云纵,轻功,武当派闻名武林的轻功身法。,,武当派,倚天屠龙记
武当绵掌,掌法,武当绝技之一，宋青书对付重伤的张无忌时，获父亲宋远桥点拨，得知张无忌使用借力打力的手法卸除自己的掌力，遂以劲力似有若无的绵掌攻击张无忌，要让他无从借力反击，不料张无忌的乾坤大挪移更胜一筹，依然完全卸去绵掌之力。后来宋青书在屠狮大会应战丐帮的掌钵龙头时，因为峨嵋派的金顶绵掌还练不到家，暗中使出绵掌对敌，结果被殷梨亭当场叫破。,宋青书,武当派,倚天屠龙记
震天铁掌,掌法,武当绝技之一，宋青书在被七师叔莫声谷发现偷窥峨嵋女弟子房间后，将他击杀的招式。,宋青书,武当派,倚天屠龙记
震山掌,掌法,俞岱岩跟殷野王交手时，所使出的掌力。,俞岱岩,武当派,倚天屠龙记
天地同寿,剑法,殷梨亭所创的剑招，招数只攻不守和敌人同归于尽，是他为对付杨逍而创出的一路招式。,殷梨亭,武当派,倚天屠龙记
玄冥神掌,掌法,鹤笔翁、鹿杖客所练就的一种阴毒掌力，张三丰原以为玄冥门百损道人死后，这路阴毒掌功已告失传，未料鹤笔翁、鹿杖客竟得其传承。玄冥神掌极为阴损，所留掌印呈碧绿色，宛似炭炙火烧，四周却是寒冷彻骨，一旦中掌后脸上绿气转为黑色时，便此气绝无救。玄冥神掌的伤势唯有纯阳至刚之九阳神功能驱除掌内寒毒，连张三丰的纯阳无极功，蝶谷医仙胡青牛的医术都无法施救，张无忌年幼时曾被鹤笔翁击中一掌而多次险死还生，所幸获得尹克西跟潇湘子留在白猿体内的九阳神功秘笈，方捡回一命。玄冥神掌和人对掌，若是对方内力胜过了施掌者，掌力回激入体，施掌者不免受大祸。,鹤笔翁、鹿杖客,玄冥门,倚天屠龙记
壁虎游墙功,轻功,乃绝顶轻功上天梯衍化出来，最早之前是以郭靖传授予杨过，杨过于当日潜入襄阳城时为免伯父伯母发现，故施展壁虎游墙功翻入丈余城墙。更百年后也是张无忌脱离绿柳庄陷阱时使用的轻功。,张无忌,,倚天屠龙记
真武七截阵,阵法,武当阵法，张三丰参考长江和汉水之会的蛇山、龟山，心想长蛇灵动，乌龟凝重，真武大帝左右一龟一蛇，正是兼收至灵至重的两件物性，从蛇山蜿蜒之势、龟山庄稳之形中间，创了一套精妙无方的武功。只是那龟蛇二山大气磅礡，从山势演化出来的武功，森然万有，包罗极广，决非一人之力所能同时施为。张三丰不饮不食凡三昼夜之久，潜心苦思，终是想不通这个难题。到了第四天才猛地省悟，哈哈大笑，回到武当山上，将七名弟子叫来，每人传了一套武功。这七套武功分别行使，固是各有精妙之处，但若二人合力，则师兄弟相辅相成，攻守兼备，威力便即大增。若是三人同使，则比两人同使的威力又强一倍。四人相当于八位高手，五人相当于十六位高手，六人相当于三十二位，到得七人齐施，犹如六十四位当世一流高手同时出手。,张三丰,武当派,倚天屠龙记
神掌八打,掌法,少林武学之一，在火工头陀偷学武艺大成后，于武较时出言不逊并辣手连伤多名僧人，达摩堂首座苦智禅师以这门掌法胜过火工头陀，苦智本想留下火工头陀性命，不料火工头陀误判其招式，趁机反击打得苦智重伤致死。,苦智禅师,少林寺,倚天屠龙记
降魔掌,掌法,少林七十二绝技之一，龙门镖局总镖头都大锦在少林寺学得的功夫。,都大锦,少林寺,倚天屠龙记
大韦陀掌,掌法,少林寺武学之一，龙门镖局总镖头都大锦在少林寺曾学得一部分，后来曾暗自后悔当年没多留五载把这套掌法学全。,都大锦,少林寺,倚天屠龙记
罗汉剑法,剑法,少林武学之一，走刚猛路子的剑术。,,少林寺,倚天屠龙记
达摩剑法,剑法,少林七十二绝技之一，因苦慧大师创西域少林一派，遂流传至西域，方天劳与何足道斗剑时曾使用，却败给了何足道。,方天劳,西域少林,倚天屠龙记
韦陀伏魔剑,剑法,少林七十二绝技之一，亦流传至西域少林一派，潘天耕用这门剑术和何足道交手，却被他右手弹琴，左手使剑击败。,潘天耕,西域少林,倚天屠龙记
大力金刚指,指法,又简称金刚指，少林七十二绝技之一，足可捏金裂石的外门强力指法，击中人身将导致筋断骨折、威力巨大，除少林本门有修练法门外，也曾被火工头陀偷学并传往西域金刚门，在书中少林寺练就者有四大神僧里的空闻、空智和空性，以及潜隐多年的渡劫、渡难、渡厄三名长老。金刚门中阿三、阿二皆有修练，阿三更凭借此技连伤武当七侠中的俞岱岩跟殷梨亭，使两人先后残废瘫痪。受到金刚指残害肢体后，唯有金刚门奇药黑玉续断膏可以重接伤骨。,空闻、空智、空性、阿三,少林寺,倚天屠龙记
金刚般若掌,掌法,少林七十二绝技之一，除少林本门有修练法门外，也曾被火工头陀偷学并传往西域金刚门，刚相曾用这门掌功击伤张三丰。,刚相,少林寺,倚天屠龙记
大力金刚抓,爪法,少林武学之一，白袍客迎战海沙派时曾用。,,少林寺,倚天屠龙记
七伤拳,拳法,崆峒派镇山绝学，先伤己后伤人的一路拳法，一练七伤摧肝肠，内力不足者受创极深，崆峒五老人人皆练，都暗隐内伤，七种迥异拳劲，刚猛、阴柔、刚中有柔、柔中有刚、横出、直送、内缩兼备可以摧伤敌人脏腑，吞吐闪烁，变幻万端，内外能伤。,,崆峒派,倚天屠龙记
金刚不坏体,内功,少林七十二绝技之一，少林寺中仅四大神僧中的空见练成，可以将敌人攻来的劲力悉数反震回彼身，威力小于可以与少林藏经阁两大神功——九阳神功及易筋经并列的“金刚不坏神功”。,空见,少林寺,倚天屠龙记
须弥山掌,掌法,少林七十二绝技之一，在一版原名小须弥掌，乃是少林寺三大长老中渡难所使用的绝技，曾在张无忌连同杨逍、殷天正会战金刚伏魔圈时，使出这路掌法应战殷天正，这门掌力不但极难练成，出掌前还必须坐马运气一段时间才能将真气聚于丹田发出，而渡难信手连续施展的修为，也使在场的少林寺住持空闻十分叹服。,渡难,少林寺,倚天屠龙记
金刚伏魔圈,阵法,少林七十二绝技之一，渡劫、渡难、渡厄三僧共坐枯禅练成的鞭法阵式，以“金刚经”为最高旨义，最后要达“无我相，无人相，无众生相，无寿者相”，于人我之分，生死之别，尽皆视作空幻。三位少林高僧枯禅数十年坐将下来，心意相通，一僧招数中露出破绽空隙，其余二僧立即予以补足。,渡劫、渡难、渡厄,少林寺,倚天屠龙记
龙爪手,爪法,少林七十二绝技之一，乃少林派四大神僧中空性的绝技，虽说四大神僧全都练就，但以空性造诣最高，龙爪手只有三十六招，要旨在凌厉狠辣，不求变化繁多。空性中年之时曾数逢大敌，只要使出龙爪手便立占上风，通常用到十二招便即取胜，从第十三招起，只是空性自己平时练习之用，被张无忌评说是没有破绽的不败武功。张无忌与空性对战时，借由身法拉开两、三尺距离后，仔细端详偷学模仿，最后用一模一样的龙爪手破解空性的龙爪手。书中有记载的招式，记载如下：第八招“拿云式”：左手虚探，右手挟著一股劲风，直拿人左肩缺盆穴。第十二招“抢珠式”：此招和拿云式外表虽同，但方位却异，双手一样自上而下同抓，却是抓人左右太阳穴。第十七招“捞月式”：虚拿人后脑风府穴。捕风式、捉影式、抚琴式、鼓瑟式、批亢式、??虚式：套路不明，八式连环不绝，便如一招中的八个变化一般，快捷无比。第三十五招“抱残式”、第三十六招“守缺式”：龙爪手最后两招，至刚生柔，看似破绽百出，实则暗藏陷阱。,空性,少林寺,倚天屠龙记
鹰蛇生死搏,奇门,华山派绝技之一，已流传达百余年，右手持铸作蛇头形状的利器，左手使鹰爪功；右手点打刺戳，左手擒拿扭勾，利用双手截然不同的招式将鹰蛇两种功夫一齐施展，兼具迅捷狠辣两种特点。华山派掌门鲜于通曾以此技力斗张无忌，但这门武功的缺点是两手分力使劲道偏弱，若是对上一般武人，可使对手左支右绌，一旦遇上如张无忌等高手便容易被识穿压制。,鲜于通,华山派,倚天屠龙记
反两仪刀法,刀法,华山派绝技之一，由矮老者跟高老者联手施展，刀法违反两仪之道，式式不依常规，和昆仑派的两仪剑法暗符关节，若合并施展则威力无穷，连张无忌也一度没法应付。,,华山派,倚天屠龙记
华岳三神蜂,拳法,华山派绝技之一，左拳上击、虚砍一刀，左手手肘已重重撞击，以连环三式攻击敌手。,,华山派,倚天屠龙记
昆仑两仪剑,剑法,昆仑派剑法，由何太冲跟班淑娴夫妇一同施展，剑法依循两仪之道，和华山派的刀法若有相符，合并施展则威力无穷，连张无忌也一度没法应付。,何太冲、班淑娴,昆仑派,倚天屠龙记
蝎尾钩,暗器,昆仑派一名长须道人用来打伤彭和尚的暗器。,,昆仑派,倚天屠龙记
无声无色,剑法,昆仑派剑法的绝招，必须两人同使，两人功力相若，内劲相同，两剑之剑风、破空声音相互抵消。常用在夜战，黑暗中令对方没法分辨以便偷袭。何太冲跟班淑娴用来偷袭张无忌却失败。,何太冲、班淑娴,昆仑派,倚天屠龙记
迅雷剑,剑法,昆仑三圣何足道在少林寺和觉远比武时所使用的十六下快剑。,何足道,昆仑派,倚天屠龙记
雨打飞花剑法,剑法,昆仑派剑法之一，剑法全走斜势，但七八招斜势之中，偶尔又挟著一招正势，令人难以捉摸。,,昆仑派,倚天屠龙记
三阴手,掌法,昆仑派拳掌招数之一，西华子曾用来攻击天鹰教的封坛主。,西华子,昆仑派,倚天屠龙记
寒梅剑阵,阵法,昆仑派的剑阵，乃五人同使的剑阵，施展时五人跟着踏步而前，剑尖不住颤动。,,昆仑派,倚天屠龙记
金顶九式,剑法,赵敏迎战陈友谅时所用的峨嵋派剑法。,赵敏,峨嵋派,倚天屠龙记
灭剑、绝剑,剑法,灭绝师太自创的峨嵋派剑法。,灭绝师太,峨嵋派,倚天屠龙记
飘雪穿云掌,掌法,峨嵋派掌法精要所在，在张无忌为保锐金旗残众时，与灭绝师太约定承受的第一掌，掌力忽吞忽吐，闪烁不定，引开敌人的内力，再行攻击。,灭绝师太,峨嵋派,倚天屠龙记
截手九式,掌法,峨嵋派掌法精要所在，在张无忌为保锐金旗残众时，与灭绝师太约定承受的第二掌，灭绝师太以截手九式的第三式击中张无忌背心。,灭绝师太,峨嵋派,倚天屠龙记
佛光普照,掌法,峨嵋派掌法，套路只有一招，以峨嵋派九阳功作为根基。掌力笼罩敌人全身，使对方挡无可挡，峨嵋派只有灭绝师太一人练就。是张无忌为保锐金旗残众时，与灭绝师太约定承受的第三掌。,灭绝师太,峨嵋派,倚天屠龙记
四象掌,掌法,峨嵋派掌法，圆中有方，阴阳相成，灭绝师太一向自负是天下绝学。,灭绝师太,峨嵋派,倚天屠龙记
金顶绵掌,掌法,峨嵋派掌法，和武当派的绵掌形似而神非，宋青书在屠狮大会上力战丐帮长老时曾用过，但功力不足没法稳胜，暗中改用绵掌应战。,宋青书,峨嵋派,倚天屠龙记
横扫千军、直摧万马,拳法,神拳门主过三拳生平所学之中最厉害的一招，不论对手如何闪避，都埋有厉害后著，虽击中谢逊小腹，仍被他用内功反击震毙。,过三拳,神拳门,倚天屠龙记
千蛛万毒手,奇门,殷离与其母的独门武功，修练时需吸收蜘蛛剧毒，因此会使面貌变得浮肿难看，练过一百只毒蛛，仍仅是小成。殷离之母为嫁给殷野王狠心散功，殷离修练后，曾用来杀死朱九真跟攻击殷无禄。,殷离,,倚天屠龙记
截心掌,掌法,番僧打伤常遇春的掌力，据胡青牛所著的子午针灸经记载，需从紫宫、中庭、关元、天池四穴着手医治。,,,倚天屠龙记
排山掌,掌法,番僧和张无忌交手时使用的掌功。,,,倚天屠龙记
并体连功之法,阵法,天竺的独特武功，三十二名番僧联袂对上张无忌时曾施展。,,天竺,倚天屠龙记
混元一气功,内功,成昆跟谢逊师徒所修练的独门内功，若被此功被逼回自身内劲，伤者会满脸血红斑点。,成昆、谢逊,,倚天屠龙记
霹雳拳,拳法,成昆跟谢逊师徒所学的拳法，招式刚猛威吓，与七伤拳看来颇相似。,成昆、谢逊,,倚天屠龙记
小擒拿手,擒拿,成昆和谢逊最后在地下洞底交手时所用的武功，特别善于黑暗中近身搏击之用，招式应变奇速，手指、手掌、手臂、手肘任何一处碰到敌人，立刻擒拿抓打、撕戳勾撞。其中最狠的招数是：双龙抢珠，就是戳敌人双目。真实存在之类似武术就是“擒拿术”，综合柔道、柔术、跆拳道和防身术而成。,成昆、谢逊,,倚天屠龙记
狮子吼,内功,为人体丹田内气外发，发声吐气的一门内功绝技，功成之后遇敌交手，发功呼啸，谢逊曾用来震昏王盘山上诸人，除白龟寿外，多半重伤疯癫。,谢逊,,倚天屠龙记
幻阴指,指法,成昆的武功，初版原名一阴指，是成昆偷上光明顶偷袭杨逍、韦一笑等明教高手时所用的招式。幻阴指在初版中本名为一阴指，气劲宛如冰线，游走穴道使人酸麻且全身发寒，是成昆化名圆真潜伏少林寺期间暗中锻炼的狠辣招式，曾用于击杀史火龙之妻，并在六大派围攻光明顶之际，借由密道直上峰顶，趁着杨逍与韦一笑、五散人比试内力时忽然出手偷袭成功，后来被张无忌的九阳神功侵入经脉，毁了这门阴毒武功的根基，使成昆往后对战谢逊时因失去制胜利器而大叹可惜。在初版中，设定中了幻阴指后可用武当、少林、峨嵋三派的九阳神功或一阳指解救，可是在改版后此一说法被取消。而在新修的第三版里金庸亦追加说，由于成昆修练幻阴指，抵消了原来身上少林九阳功的不少功力。,成昆,,倚天屠龙记
乾坤大挪移,内功,明教镇教武学，历代只传教主一人，本由波斯总坛所传来，但在波斯早已失传，只剩中原流传，记载于一卷羊皮上，必须用鲜血沾染才能显出字迹。乾坤大挪移异常难练，全因运劲法门复杂无比，练功者若无雄浑的内力配合定然难成，单是第一层心法，悟性高者七年方可成，次者更要耗费十四年才能练就，第二层心法若练到二十一年仍无成就，万不可再练第三层以防走火入魔，因此只有身负九阳神功的张无忌方一鼓作气练完第六层，修练第七层时仍余最后的十九句心法没练成。实际上，乾坤大挪移的创招者自身内力有限，仅足练成第六层心法，第七层心法全仗聪明才智凭空想像，张无忌未修练周全的这十九句，便是创招者思考欠周之处，要是张无忌强求练成，定会全身瘫痪或疯癫痴呆。乾坤大挪移的武学主旨在于颠倒一刚一柔、一阴一阳的乾坤二气，其根本道理并非极为奥妙，只是先求激发自身潜力，再牵引挪移敌劲，个中变化神奇，令人匪夷所思，乃是一种运劲用力的巧妙法门。施展者脸上会浮现青红两色，便是体内血液沉降、真气变换之象。据说练至第六层时，全身都能忽红忽青，但练到第七层时，阴阳二气转于不知不觉间，外貌上再无表征。,张无忌,明教,倚天屠龙记
鹰爪擒拿功,爪法,双手摆出鹰的钩爪之势，势成鹰爪，其爪锋锐之处可以任意撕裂骨骼或钢铁，讲求以抓打擒拿、分筋错骨、辗转腾挪、刁靠内闪、跳踪为主，拥有了灵活又巧妙的威力，和龙爪手并称天下爪法之绝。,,,倚天屠龙记
寒冰绵掌,掌法,青翼蝠王韦一笑独门绝学，是一门掌力阴寒的掌法，对手中掌会寒毒侵体，对掌者的内力若不足抵御，会有全身血液都要冻结成冰的感觉。当年韦一笑修练时出了差错，经脉中郁积了至寒阴毒，只要一运内力，寒毒就会发作，如果不吸血解毒，全身血脉就会凝结成冰身亡，按张无忌的诊断，这叫作“三阴脉络受损”。,韦一笑,明教,倚天屠龙记
草上飞,轻功,韦一笑所擅长的轻功之一，虽是武林中常见之技，但韦一笑的造诣却十分突出。,韦一笑,明教,倚天屠龙记
大风云飞掌,掌法,彭莹玉遭到纪晓芙、丁敏君等八人围攻时，诈死后偷袭击毙其中五人的掌法。,彭莹玉,明教,倚天屠龙记
阴风刀,奇门,波斯三使所修练的独特内力，是一股无形无质的阴寒之气，刺在身上有如钢刃之利。,波斯三使,波斯明教,倚天屠龙记
透骨针,奇门,波斯三使所修练的独特内劲，在与张无忌比拼内力时，真气凝于一点发出，直刺其心脉，使张无忌大为吃亏。,波斯三使,波斯明教,倚天屠龙记
圣火令神功,奇门,记录在圣火令上的武功，是山中老人霍山毕生武功精华，部分要诀是“应左则前，须右乃后，三虚七实，无中生有”，使波斯三使的武功平添许多奇幻，张无忌夺得圣火令后加以研习，对上渡难、渡厄跟渡劫三僧时曾经使用。这门武功施展时看来颠三倒四，实则中藏奇奥变化，比之正路功夫又难得多。种种怪异身法，每一招都足以迷乱敌人眼光，似左实右，似前实后。但霍山本非正人君子，这门武功修练若久，有误入魔道之危。,霍山、张无忌,波斯明教,倚天屠龙记
阴山掌大九式,掌法,丐帮季长老驰名江湖的武功，曾用来跟谢逊交手。,,丐帮,倚天屠龙记
回风拂柳拳,拳法,丐帮郑长老的武学，曾用来跟谢逊交手。,,丐帮,倚天屠龙记
八卦拳,拳法,丐帮郑长老故意混淆自身武功所用的招式。,,丐帮,倚天屠龙记
杀狗阵,阵法,丐帮阵法之一，由二十一名丐帮好手各执弯刀，将敌人围在垓心。这二十一人或口唱莲花落，或呻吟呼痛，或伸拳猛击胸口，其古怪的呼叫举动，旨在扰乱敌人心神。只见群丐脚步错杂，然进退趋避，却是严谨有法。,,丐帮,倚天屠龙记
假三才阵,阵法,青海派玉真观青海三剑为对付谢逊所创的剑阵，出手前会吟出：“三才剑阵天地人，电逐星驰出玉真”的口诀，施展时步法忽左忽右、穿来插去，似三才而非三才，实则暗藏正反五行，三人以过人的轻功、剑法，诱骗敌手误判，若敌人按三才方位破解，立时难逃杀伤。,,青海派,倚天屠龙记
一指禅,指法,河间双煞中卜泰的绝技，威力比使用打穴橛时还要厉害，逼得渡难落入险境。,卜泰,,倚天屠龙记
山西武胜门刀法,刀法,无。,,山西武胜门,碧血剑
地堂刀法,刀法,胡老三发现交手的袁承志仍是孩童儿改用的刀法。,胡老三,,碧血剑
岳家神枪,枪法,袁承志向倪浩所学的枪法，曾用来跟胡老三交手。,袁承志,,碧血剑
长拳十段锦,拳法,武林中流传甚广的拳术，袁承志年少时曾获倪浩传授，师事穆人清后，得他重新指点个中奥妙。,袁承志,,碧血剑
破玉拳,拳法,华山派拳法，穆人清曾传予黄真和归辛树、袁承志三名弟子。,穆人清,华山派,碧血剑
劈石拳,拳法,华山派拳法，穆人清曾传予黄真和归辛树、袁承志三名弟子。,穆人清,华山派,碧血剑
伏虎掌,掌法,华山派掌法，穆人清曾传予黄真和归辛树两名弟子以及闯王的部属崔秋山，袁承志则是先从崔秋山处学得，再拜入穆人清门下重新习练。全套掌法共有一百单八式，每式各有三项变化，奇正相生相克衍生出三百二十四变，讲究勾、撇、捺，劈、撕、打、崩、吐八大要决。,穆人清、崔秋山,华山派,碧血剑
铁指诀,指法,华山派指法，穆人清曾传予三名弟子，袁承志和吕七先生交手时，用来戳击他胁下。,袁承志,华山派,碧血剑
混元掌,掌法,华山派掌法，乃是自外而内修练混元功之用的掌式，借由练掌修习内劲，待混元功大成，两相配合威力更增，穆人清曾传授予黄真和归辛树、袁承志三名弟子。,穆人清,华山派,碧血剑
混元功,内功,华山派内功的最高心法，乃脱胎自昔年五岳剑派之一华山派之绝顶神功：紫霞神功；借由锻练混元掌，由外而内另辟蹊径修习，虽说修炼费时且见效慢，但玄门正宗内功没有走火入魔的危险，练成后临敌应战时招式中自有内劲相附，和混元掌搭配后威力极大，穆人清曾传授予黄真和归辛树、袁承志三名弟子。,穆人清,华山派,碧血剑
抱元劲,内功,华山派内功之一。,,华山派,碧血剑
混天功,内功,华山派内功之一。,,华山派,碧血剑
攀云乘龙,轻功,木桑道人和袁承志下棋后，教给他的第一种轻身功夫，不用弯腿即能跃起倒翻。,木桑道人,铁剑门,碧血剑
满天花雨,暗器,木桑道人输棋后，教给袁承志的暗器功夫，一手同时撒出七颗棋子，要颗颗打中敌人穴道，袁承志练了许久才有大成。,木桑道人、袁承志,铁剑门,碧血剑
神行百变,轻功,木桑道人的绝顶轻功，借由教导温青青，再间接授予袁承志，以防袁承志受铁剑门号令拘束，后来木桑道人收阿九为徒后，也将这门轻功传给她，阿九再于《鹿鼎记》中传给韦小宝。,木桑道人、袁承志、阿九,铁剑门,碧血剑
金蛇剑法,剑法,夏雪宜及袁承志使用的剑法，剑法中乍看有许多绝无用处之处，需要配合金蛇剑才显出厉害之处。,夏雪宜、袁承志,,碧血剑
金蛇擒鹤拳,拳法,袁承志由金蛇秘笈上学得之拳法，招式颇为怪异，在袁承志和归辛树试招时，刻意用这门拳法败给师兄。,夏雪宜、袁承志,,碧血剑
金蛇游身掌,掌法,夏雪宜写入金蛇秘笈的一套掌法，招式颇类似八卦游身掌，但变化更加繁杂许多。,夏雪宜,,碧血剑
金蛇锥法,暗器,夏雪宜写入金蛇秘笈的武功，手持金蛇锥施展。,夏雪宜,,碧血剑
两仪剑法,剑法,仙都派上乘剑法，需两人合使，是掌门黄木道人自创的武功。虽然变化繁复，凌厉狠辣，其实还不及仙都派原有的上清剑法，其中颇有不少破绽。,黄木道人,仙都派,碧血剑
灵宝拳,拳法,仙都派武学，以轻灵见长。,,仙都派,碧血剑
上清拳,拳法,仙都派武学。,,仙都派,碧血剑
上清剑,剑法,仙都派武学，以轻灵见长。,,仙都派,碧血剑
鹤形拳,拳法,方岩吕七先生的武功。,吕七先生,,碧血剑
斩蛟拳,拳法,少林旁支山东渤海派的招数，洪胜海曾用来攻击袁承志。,洪胜海,山东渤海派,碧血剑
朱砂掌,掌法,沧州千柳庄主褚红柳驰名武林的绝技，施展开时双掌颜色会逐渐变红。,褚红柳,,碧血剑
蟹钳功,奇门,沧州千柳庄主褚红柳练了数十年的绝技，可以钳住敌手兵刃。,褚红柳,,碧血剑
孟家神拳,拳法,盖孟尝孟伯飞独创的武技。,孟伯飞,,碧血剑
快活三十掌,掌法,盖孟尝孟伯飞独创的武技。,孟伯飞,,碧血剑
沧州大洪拳,拳法,铁罗汉义生和胡桂南交手时施展的拳法，拳势虎虎生风。,义生,,碧血剑
鲁智深醉打山门拳,拳法,铁罗汉义生和胡桂南交手时施展的拳法，拳势东歪西倒，宛然是个醉汉，有时双足一挫，在地上打一个滚，等敌人攻到，倏地跃起猛击。,义生,,碧血剑
鸭形拳,拳法,胡桂南与铁罗汉义生时所使的拳法，时时双手两边划动，矮身蹒跚而走，模样十分古怪，偏又身法灵动。,胡桂南,,碧血剑
青竹镖,暗器,程青竹惯用的暗器，乃是一枝枝细竹，二十步内打人穴道，百发百中，劲力不输钢镖。,程青竹,,碧血剑
雷震剑法,剑法,石梁派绝招，共有六六三十六招，竟无一招实招，那是雷震之前的闪电，把敌人弄得头晕眼花之后，跟着而上的便是雷轰霹雳的猛攻。温青青曾用来跟雷蒙交手。,温青青,石梁派,碧血剑
毒蟾砂,暗器,又名“含沙射影”，是用胸前的机关射出无数极细的钢针，机括装在胸前，发射时不必先取准头，只须身子对正敌人，伸手在腰旁一按，一阵钢针就由强力弹簧激射而出。钢针既细，为数又多，一枚沾身，便中剧毒。,,,碧血剑
蝎尾鞭,鞭法,五毒教的奇门兵刃，鞭上不仅全是细刺倒钩，还含有剧毒，何铁手曾使之与袁承志相斗。,何铁手,五毒教,碧血剑
软红蛛索,奇门,五毒教由蜘蛛网演变出的武功，蛛索细长多丝，十多根蛛索或攻敌或防身，攻守连环，毫无破绽，何铁手曾使之与袁承志相斗。,何铁手,五毒教,碧血剑
金蜈钩、铁蜈钩,奇门,五毒教的奇门兵刃，修练铁蜈钩的功夫需斩断一只手掌，改套上铁钩，铁钩装在手上，运用之际宛如活手，双钩同使招数更加毒辣，何铁手曾使之与袁承志相斗。,何铁手,五毒教,碧血剑
呼延十八鞭,鞭法,宋朝大将呼延赞传下的鞭法，是“铁鞭镇八方”周威信跟他师伯卓天雄所善用的武功，呼延十八鞭虽称十八鞭，但传下的鞭法仅有十七式，最后一招“一鞭断十枪”，是当年呼延赞受敌人围攻时，以一根钢鞭震断十杆长枪的套路，当世只有卓天雄练就，这一路鞭法，不论招数，单凭内力。,周威信、卓天雄,,鸳鸯刀
震天三十掌,掌法,卓天雄赖以成名的武功，世间仅有混元炁可匹敌。,卓天雄,,鸳鸯刀
混元炁,内功,萧半和的绝学，足以抗衡卓天雄的震天三十掌，修练条件十分严苛，必须童子身方能修习，不论男女，成婚后即消失，由于散失太过容易，武林中一向少有人练，萧半和因是太监，故无散失之虞。,萧半和,,鸳鸯刀
夫妻刀法,刀法,一位高僧传给任飞燕跟林玉龙夫妻的刀法，共七十二招，是古代一对恩爱夫妇所创，招式名称都有个风光旖旎的名字，双刀使来阴阳开阖配合得天衣无缝，进退攻守互补，威力无穷，但夫妻二人性情暴躁没法完全发挥，后来因为受到卓天雄追击时，林任夫妇临急传授给萧中慧跟袁冠南，便顺利打退卓天雄，后来萧袁二人竟得传授，招式威力充分发挥，更显精妙。但这路刀法伤人甚易，杀人却是极难，敌人身上中刀的所在全非要害，想是当年创制这路刀法的夫妻双侠心地仁善，不愿伤人性命，因此每一招极厉害的刀法之中，都为敌人留下了余地。,任飞燕、林玉龙、萧中慧、袁冠南,,鸳鸯刀
越女剑法,剑法,牧羊少女，外号剑神阿青和白公公(白猿)拿竹棒对打时，所领悟出来的一套古往今来最强剑法。,阿青,,越女剑
